

<item>
<title>======[COLOR lime]Thank You and Enjoy OTB Plugins For Jen[/COLOR]======</title>
</item>

    <dir>
    <title>OTB Cartoons</title>
    <otb2_car>all</otb2_car>
    </dir>

    <dir>
    <title>OTB Creature Feature</title>
    <creature>all</creature>
    </dir>	

    <dir>
    <title>OTB BNW Movies</title>
    <bnw>movies</bnw>
    </dir>
	
    <dir>
    <title>OTB The Duke</title>
    <duke>all</duke>
    </dir>		
	
    <dir>
    <title>OTB Trekkie</title>
    <trekkie>all</trekkie>
    </dir>

    <dir>
    <title>OTB DC Comics</title>
    <dccomics>all</dccomics>
    </dir>	
	
    <dir>
       <title>OTB Marvel Universe Extras</title>
       <marvel>genre/Extras</marvel>
    </dir> 		

    <dir>
    <title>OTB Redneck Sports</title>
    <otb_redneck_sports>all</otb_redneck_sports>
    </dir>
	
    <dir>
    <title>OTB Wrestling</title>
    <wrestle>all</wrestle>
    </dir>	
	
    <dir>
    <title>OTB DIY</title>
    <otb_diy>all</otb_diy>
    </dir>	
	
    <dir>
    <title>OTB Documentaries By Genre</title>
    <otb2_dg>all</otb2_dg>
    </dir>	
	
	    <dir>
    <title>OTB Documentary Shows</title>
    <otbds_tv>all</otbds_tv>
    </dir>
	
    <dir>
    <title>OTB Motozone</title>
    <otb_motozone>all</otb_motozone>
    </dir>

    <dir>
    <title>OTB Music</title>
    <otb_music>all</otb_music>
    </dir>	

    <dir>
    <title>OTB UK Radio 1</title>
    <otb_radio>genre/UK1</otb_radio>
    </dir>

    <dir>
    <title>OTB UK Radio 2</title>
    <otb_radio>genre/UK2</otb_radio>
    </dir>

    <dir>
    <title>OTB USA Radio 1</title>
    <otb_radio>genre/USA1</otb_radio>
    </dir>

    <dir>
    <title>OTB USA Radio 2</title>
    <otb_radio>genre/USA2</otb_radio>
    </dir>

    <dir>
    <title>OTB USA Radio 3</title>
    <otb_radio>genre/USA3</otb_radio>
    </dir>
    
    <dir>
    <title>OTB USA Radio 4</title>
    <otb_radio>genre/USA4</otb_radio>
    </dir>

    <dir>
    <title>OTB USA Radio 5</title>
    <otb_radio>genre/USA5</otb_radio>
    </dir>  	

<item>
<title>====================================</title>
</item>
