<xml>

  <dir>
    <title>Movies (One Click)</title>
	<link>http://7of9.m3u.xyz/jen/7of9-cached/movies/pop-1ck-noname.php</link>
    <summary>Movies</summary>
  </dir>

  <dir>
    <title>Movies</title>
    <link>file://movies.xml</link>
    <summary>Movies</summary>
  </dir>

  <dir>
    <title>TV Shows</title>
    <link>file://tvshows.xml</link>
    <summary>TV Shows</summary>
  </dir>

  <dir>
    <title>Actors</title>
    <link>file://people.xml</link>
    <summary>Actors</summary>
  </dir>
  
    <dir>
    <title>Trakt</title>
    <link>file://trakt.xml</link>
    <summary>Trakt</summary>
  </dir>
  
   <dir>
    <title>Search</title>
    <link>file://search.xml</link>
    <summary>Search</summary>
  </dir> 
  
<item> 
 <title>==[COLORdarkorange] ==================== [/COLOR]==</title>
</item>

<dir>
<title>AUTHORIZE RD RESOLVE / PAIR ONLINE</title>
<link>plugin://plugin.video.getrealdebrid/</link>
</dir>

<item>
<title>==[COLORdarkorange] ==================== [/COLOR]==</title>
</item>

<item>
<title>Change your settings below as needed</title>
</item>

<plugin>
<name>Tools, Settings, Clear Cache</name>
<link>plugin://plugin.video.playrdsllink/?action=openSettings</link>
<fanart></fanart>
</plugin>

<item>
<title>==[COLORdarkorange] ==================== [/COLOR]==</title>
</item> 
  
</xml>