<item>
<title>[COLOR gold]==================[/COLOR]</title>
</item>

<dir>
<title>ABC - Coroavirus News, Updates</title>
<link>https://www.youtube.com/watch?v=w_Ma8oQLmSM</link>
</dir>

<dir>
<title>NBC - Coroavirus News, Updates</title>
<link>plugin://plugin.video.youtube/playlist/PLQOa26lW-uI_GWZcECIUbZJQV5v_8b-J8/</link>
</dir>

<item>
<title>===[COLOR gold]News: Local - World - Politics[/COLOR]===</title>
</item>

<dir>
<title>News Channels (IPTV-ORG)</title>
<m3u>https://iptv-org.github.io/iptv/categories/news.m3u</m3u>
</dir>

<dir>
<title>News Channels (IPTV  World TV)</title>
<link>plugin://script.module.7of9-worldtv/list_channels/4</link>
</dir>

<dir>
<title>News Channels (IPTV TV-TAP)</title>
<link>plugin://script.module.7of9-live/list_channels/4</link>
</dir>

<item>
<title>ABC 7 SWFL - Live Stream</title>
<link>https://www.youtube.com/watch?v=IukZ7gOGPj8</link>
</item>

<item>
<title>NBC2 - Live Stream</title>
<link>https://www.youtube.com/watch?v=tPeUHECNLKs</link>
</item>

<dir>
<title>Top News Stories</title>
<link>plugin://plugin.video.youtube/kodion/search/query/?q=news+updated&amp;search_type=video",return)</link>
</dir>

<dir>
<title>CNN</title>
<link>plugin://plugin.video.youtube/playlist/PL6XRrncXkMaWYv31tSdLGUKHDMQ2QtHTx/</link>
</dir>

<dir>
<title>PBS NewsHour - Watch Live</title>
<link>plugin://plugin.video.youtube/playlist/PLgawtcOBBjr9_d8zvTrH6FbG2cdxuCuDo/</link>
</dir>

<dir>
<title>World News (Top Stories)</title>
<link>plugin://plugin.video.youtube/playlist/PLr1-FC1l_JLFcq9r9Y3uFLkH8G37WmMRQ/</link>
</dir>

<dir>
<title>National News (Top Stories)</title>
<link>plugin://plugin.video.youtube/playlist/PLNjtpXOAJhQLmUEyuWw4hW_6gX8JMJUof/</link>
</dir>

<dir>
<title>ABC (World News)</title>
<link>plugin://plugin.video.youtube/playlist/PL5E6638EB9ECF2329/</link>
</dir>

<dir>
<title>NBC News (Top stories)</title>
<link>plugin://plugin.video.youtube/playlist/PL0tDb4jw6kPxZ7ZJtMk6gqiQIU-nMeaVS/</link>
</dir>

<dir>
<title>NBC News (Full Broadcast)</title>
<link>plugin://plugin.video.youtube/playlist/PL0tDb4jw6kPymVj5xNNha5PezudD5Qw9L/</link>
</dir>

<dir>
<title>Fox News (Latest Politics)</title>
<link>plugin://plugin.video.youtube/playlist/PLlTLHnxSVuIyeEZPBIQF_krewJkY2JSwi/</link>
</dir>

<dir>
<title>Inside Edition</title>
<link>plugin://plugin.video.youtube/playlist/UU9k-yiEpRHMNVOnOi_aQK8w/</link>
</dir>

<dir>
<title>World News</title>
<thumbnail></thumbnail>
<link>plugin://script.module.7of9-live/list_channels/4</link>
</dir>

<dir>
<title>US Local - News On</title>
<link>http://7of9.m3u.xyz/jen/7of9-cached/newson.php</link>
</dir>

<dir>
<title>Local News - USA - IPTV</title>
<m3u>http://7of9.m3u.xyz/jen/7of9-cached/iptv/local.m3u.php</m3u>
</dir>

<dir>
<title>US Weather Nation</title>
<m3u>http://7of9.m3u.xyz/jen/7of9-cached/iptv/weather.m3u.php</m3u>
</dir>

<dir>
<title>USA Today</title>
<link>http://7of9.m3u.xyz/jen/7of9-cached/usa.today/usa.today.php</link>
</dir>

<item>
<title>[COLOR gold]==================[/COLOR]</title>
</item>

<dir>
<name>Search Youtube</name>
<link>plugin://plugin.video.youtube/</link>
</dir>

<plugin>
<name>Tools, Settings, Clear Cache</name>
<link>plugin://plugin.video.gammaquadrant/?action=openSettings</link>
<fanart></fanart>
</plugin>

<plugin>
<name>Testings</name>
<link>plugin://plugin.video.gammaquadrant/?action=developer</link>
<thumbnail></thumbnail>
<summary>Testings</summary>
</plugin>

<item>
<title>[COLOR gold]==================[/COLOR]</title>
</item>
<dir>
<title>AUTHORIZE REAL DEBRID [B](RESOLVE-URL)[/B]</title>
<link>plugin://script.module.resolveurl/?mode=auth_rd</link>
</dir>

<dir>
<title>AUTHORIZE REAL DEBRID [B](URL-RESOLVER)[/B]</title>
<link>plugin://script.module.urlresolver/?mode=auth_rd</link>
</dir>

<dir>
<title>PAIR ONLINE HERE</title>
<pairwith>pairlist</pairwith>
</dir>

<item>
<title>[COLOR gold]==================[/COLOR]</title>
</item>


