<?xml version="1.0" encoding="UTF-8" standalone="yes"?>
<addon id="plugin.video.DiamondCinema" name="Diamond Cinema" version="1.2.90" provider-name="Team Diamond">
  <requires>
    <import addon="xbmc.python" version="2.1.0"/>
    <import addon="plugin.video.youtube"/>
  </requires>
  <extension point="xbmc.python.pluginsource" library="addon.py">
    <provides>video</provides>
  </extension>
  <extension point="xbmc.addon.metadata">
    <language>en</language>
    <summary lang="en">Watch Movies And Videos From YouTube</summary>
    <description lang="en">Watch Movies And Videos From YouTube, [COLOR blue]Brought to you by Diamond Build[/COLOR]</description>
    <disclaimer lang="en">[COLOR blue]The author does not host any content, nor is he affiliated with any of the content providers.[/COLOR]
    </disclaimer>
    <platform>all</platform>
  </extension>
</addon>
