<item>
<title>=======[COLOR lime]All Welcome To 7of9[/COLOR]=======</title>
</item>

<dir>
<title>[COLORwhite]7of9 - DISCLAIMER[/COLOR]</title>
<link>message(http://7of9.m3u.xyz/jen/7of9-cached/Disclaimer.php)</link>
<thumbnail></thumbnail>
<fanart></fanart>
</dir>

<item>
<title>======[COLOR lime]Thank You and Enjoy 7of9[/COLOR]======</title>
</item>

<item>
<title>[COLOR dodgerblue]"Of all the souls I have encountered in[/COLOR]</title>
</item>

<item>
<title>[COLOR dodgerblue]my travels, his was the most...  human."[/COLOR]</title>
</item>

<dir>
<title>[COLOR aqua][B]7 of 9[/COLOR][/B] [COLOR red][B](AIO)[/COLOR][/B] [COLORlime]<--Enter Here[/COLOR]</title>
<link>http://7of9.m3u.xyz/jen/7of9-cached/7of9-access.php</link>
</dir>

<dir>
<title>[COLORwhite]7 of 9 Movies[/COLOR]</title>
<link>http://7of9.m3u.xyz/jen/7of9-cached/movies/homejen.php</link>
</dir>

<dir>
<title>[COLORwhite]7 of 9 TV Shows[/COLOR]</title>
<link>http://7of9.m3u.xyz/jen/7of9-cached/tvshows/homejen.php</link>
</dir>

<dir>
<title>[COLORwhite]7of9 True 1-Click Movies[/COLOR] [COLORlime]<--New Playlist[/COLOR]</title>
<link>http://7of9.m3u.xyz/jen/7of9-cached/movies/pop-1ck.php</link>
</dir>

<dir>
<title>[COLORwhite]7of9 (Movies) City San Francisco[/COLOR] [COLORlime]<--New Playlist[/COLOR]</title>
<tmdb>keyword/movies/582</tmdb>
</dir>

<dir>
<title>[COLORwhite]7of9 (Movies) City New York[/COLOR] [COLORlime]<--New Playlist[/COLOR]</title>
<tmdb>keyword/movies/242</tmdb>
</dir>

<item>
<title>[COLORgold]====================[/COLOR]</title>
</item>

<dir>
<title>[COLORwhite]Youtube Theater[/COLOR]</title>
<link>http://7of9.m3u.xyz/jen/7of9-cached/youtubecinema/home.php</link>
</dir>

<dir>
<title>[COLORwhite]A Pirate's Life for Me (Torrent via Real-Debrid)[/COLOR]</title>
<link>plugin://script.module.7of9-pirateslife4me/</link>
</dir>

<item>
<title>[COLORgold]====================[/COLOR]</title>
</item>

<dir>
<title>[COLORwhite]LUXRAY PRIME[/COLOR]</title>
<link>https://pastebin.com/raw/j8yxiYet</link>
<thumbnail>https://i.imgur.com/vn52Jsp.png</thumbnail>
<fanart>https://i.imgur.com/x3wlMh7.jpg</fanart>
</dir>

<dir>
<title>[COLORwhite]VILE[/COLOR]</title>
<link>https://pastebin.com/raw/C4S5G6YF</link>
<thumbnail>https://i.imgur.com/vcwHcZh.png</thumbnail>
<fanart>https://i.imgur.com/x3wlMh7.jpg</fanart>
</dir>

<dir>
<title>[COLORwhite]ELECTRON[/COLOR]</title>
<link>https://pastebin.com/raw/YFQJ6w1s</link>
<thumbnail>https://i.imgur.com/ZmEVLCR.png</thumbnail>
<fanart>https://i.imgur.com/x3wlMh7.jpg</fanart>
</dir>

<dir>
<title>[COLORwhite]COME AT ME BRO[/COLOR]</title>
<link>https://pastebin.com/raw/66uEUA8F</link>
<thumbnail>https://i.imgur.com/51PRDae.png</thumbnail>
<fanart>https://i.imgur.com/x3wlMh7.jpg</fanart>
</dir>

<item>
<title>[COLORgold]====================[/COLOR]</title>
</item>

<dir>
<title>[COLORwhite]Trepidare[/COLOR]</title>
<link>http://7of9.m3u.xyz/jen/7of9-cached/trepidare/main.php</link>
</dir>

<dir>
<title>[COLORwhite]Tits Is In Season..LOL[/COLOR]</title>
<link>http://7of9.m3u.xyz/jen/7of9-cached/titstheseason/main.php</link>
</dir>

<dir>
<title>[COLORwhite]Lover's Take[/COLOR]</title>
<link>http://7of9.m3u.xyz/jen/7of9-cached/loverstake/main.php</link>
</dir>

<item>
<title>[COLORgold]====================[/COLOR]</title>
</item>

<dir>
<title>[COLORwhite]Tubitv - True 1-Click[/COLOR]</title>
<link>plugin://script.module.7of9-tubi/</link>
</dir>

<item>
<title>[COLORgold]====================[/COLOR]</title>
</item>

<dir>
<title>[COLORwhite]Fluxus Pluto TV (IPTV)[/COLOR]</title>
<link>plugin://plugin.video.live.streamspro/?url=http://7of9.m3u.xyz/iptv/db/fluxusplutotv.m3u.php&mode=1</link>
<info>Fluxus IPTV Channels List</info>
</dir>

<item>
<title>[COLORgold]====================[/COLOR]</title>
</item>

<item>
<title>[COLORgold]=Kodi Repository Addons=[/COLOR]</title>
</item>

<item>
<title>[COLORgold]====================[/COLOR]</title>
</item>

<dir>
<title>[COLORwhite]Xumo.TV (IPTV)[/COLOR]</title>
<link>plugin://plugin.video.xumotv/</link>
</dir>

<dir>
<title>[COLORwhite]Popcornflix[/COLOR]</title>
<link>plugin://plugin.video.popcornflix/</link>
</dir>

<dir>
<title>[COLORwhite]Crackle[/COLOR]</title>
<link>plugin://plugin.video.crackle/</link>
</dir>

<dir>
<title>[COLORwhite]Shout Factory TV[/COLOR]</title>
<link>plugin://plugin.video.shoutfactorytv/</link>
</dir>

<dir>
<title>[COLORwhite]FilmRise - YouTube[/COLOR]</title>
<link>plugin://plugin.video.filmrisetv/</link>
</dir>

<dir>
<title>[COLORwhite]Snagfilms[/COLOR]</title>
<link>plugin://plugin.video.snagfilms/</link>
</dir>

<dir>
<title>[COLORwhite]WNBC (NBC TV Shows)[/COLOR]</title>
<link>plugin://plugin.video.wnbc/</link>
</dir>

<dir>
<title>[COLORwhite]World Star Hip Hop[/COLOR]</title>
<link>plugin://plugin.video.worldstarhiphop/</link>
</dir>

<dir>
<title>[COLORwhite]Home Shopping Network (HSN)[/COLOR]</title>
<link>plugin://plugin.video.hsn/</link>
</dir>

<dir>
<title>[COLORwhite]Radio[/COLOR]</title>
<link>plugin://plugin.audio.radio_de/</link>
</dir>

<dir>
<title>[COLORwhite]NewsON - US Local News[/COLOR]</title>
<link>plugin://plugin.video.newson/</link>
</dir>

<dir>
<title>[COLORwhite]News12 - New York[/COLOR]</title>
<link>plugin://plugin.video.news12/</link>
</dir>

<dir>
<title>[COLORwhite]CNN News[/COLOR]</title>
<link>plugin://plugin.video.cnn/</link>
</dir>

<dir>
<title>[COLORwhite]Sky News[/COLOR]</title>
<link>plugin://plugin.video.skynews/</link>
</dir>

<dir>
<title>[COLORwhite]Fox News[/COLOR]</title>
<link>plugin://plugin.video.fox.news/</link>
</dir>

<dir>
<title>[COLORwhite]Fitness Blender[/COLOR]</title>
<link>plugin://plugin.video.fitnessblenderv2/</link>
</dir>

<item>
<title>[COLORgold]====================[/COLOR]</title>
</item>

<dir>
<title>[COLORwhite]EIM 4DB[/COLOR]</title>
<link>plugin://script.extendedinfo/</link>
</dir>

<item>
<title>[COLORgold]====================[/COLOR]</title>
</item>

<dir>
<title>[COLORwhite]My Trakt Movies[/COLOR]</title>
<trakt>https://api.trakt.tv/sync/collection/movies</trakt>
</dir>

<dir>
<title>[COLORwhite]My Trakt TVShows[/COLOR]</title>
<trakt>https://api.trakt.tv/sync/collection/shows</trakt>
</dir>

<dir>
<title>[COLORwhite](Trakt) Search[/COLOR]</title>
<trakt>search</trakt>
</dir>

<dir>
<title>[COLORwhite](TMDB) Search Movies/ TV Shows/ People[/COLOR]</title>
<tmdb>search</tmdb>
</dir>

<dir>
<name>[COLORwhite]Search Youtube[/COLOR]</name>
<link>plugin://plugin.video.youtube/[/COLOR]</link>
</dir>

<plugin>
<name>[COLORwhite]Tools, Settings, Clear Cache[/COLOR]</name>
<link>plugin://plugin.video.7of9/?action=openSettings</link>
<fanart></fanart>
</plugin>

<plugin>
<name>Testings</name>
<link>plugin://plugin.video.7of9/?action=developer</link>
<thumbnail></thumbnail>
<summary>Testings</summary>
</plugin>

<item>
<title>[COLORgold]====================[/COLOR]</title>
</item>

<dir>
<title>[COLOR white]AUTHORIZE REAL DEBRID [B](RESOLVE-URL)[/COLOR][/B]</title>
<link>plugin://script.module.resolveurl/?mode=auth_rd</link>
</dir>

<dir>
<title>[COLOR white]AUTHORIZE REAL DEBRID [B](URL-RESOLVER)[/COLOR][/B]</title>
<link>plugin://script.module.urlresolver/?mode=auth_rd</link>
</dir>

<dir>
<title>[COLORwhite]PAIR ONLINE HERE[/COLOR]</title>
<pairwith>pairlist</pairwith>
</dir>

<item>
<title>====================================</title>
</item>

<item>
<title>[COLOR dodgerblue]"And Enterprise feels like a house with[/COLOR]</title>
</item>

<item>
<title>[COLOR dodgerblue]all the children gone. No, more empty[/COLOR]</title>
</item>

<item>
<title>[COLOR dodgerblue]than even that.  The death of Spock is[/COLOR]</title>
</item>

<item>
<title>[COLOR dodgerblue]like an open wound. It seems that I have[/COLOR]</title>
</item>

<item>
<title>[COLOR dodgerblue]left the noblest part  of myself back[/COLOR]</title>
</item>

<item>
<title>[COLOR dodgerblue]there ...on that newborn planet."?[/COLOR]</title>
</item>

<item>
<title>====================================</title>
</item>
