<xml>

<item>
<title>==[COLORdarkorange] ==================== [/COLOR]==</title>
</item>

<dir> 
<title>In Theater Movies</title>
<imdburl>https://www.imdb.com/search/title?title_type=feature&release_date=2018-01-30,2019-12-30&groups=now-playing-us&languages=en&sort=alpha,asc&count=100</imdburl>  
</dir>

<dir>
<title>Trending Movies</title>
<imdburl>chart/moviemeter</imdburl>
</dir>

<dir>
<title>Most Voted Movies</title>
<imdburl>chart/top</imdburl>
</dir>

<dir>
<title>Movies By Genres</title>
<link>http://7of9.m3u.xyz/jen/7of9-cached/movies/movies.genre.php</link>
</dir>

<dir>
<title>Movies By Years 2019 to 1900</title>
<link>http://7of9.m3u.xyz/jen/7of9-cached/movies/movie.years.php</link>
</dir>

<item>
<title>==[COLORdarkorange] ==================== [/COLOR]==</title>
</item>

<dir>
<title>Trending Tv Shows (Trakt)</title>
<trakt>https://api.trakt.tv/shows/trending/?limit=50&page=1</trakt>
</dir>

<dir>
<title>Top 100 Popular Tv Shows (Trakt)</title>
<trakt>https://api.trakt.tv/shows/popular/?limit=100&page=1</trakt>
</dir>

  <dir>
    <title>Search Trakt</title>
    <trakt>search</trakt>
  </dir>

  <dir>
    <title>Search TMDB</title>
    <tmdb>search</tmdb>
  </dir>

<item>
<title>==[COLORdarkorange] ==================== [/COLOR]==</title>
</item>

<dir>
<title>AUTHORIZE RD RESOLVE / PAIR ONLINE</title>
<link>plugin://plugin.video.getrealdebrid/</link>
</dir>

<dir>
<title>PAIR ONLINE HERE</title>
<pairwith>pairlist</pairwith>
</dir>

<item>
<title>==[COLORdarkorange] ==================== [/COLOR]==</title>
</item>

<item>
<title>[COLOR=yellow] Change your settings below as needed. [/COLOR]</title>
</item>

<plugin>
<name>Tools, Settings, Clear Cache</name>
<link>plugin://plugin.video.playrdsllink/?action=openSettings</link>
<fanart></fanart>
</plugin>

<item>
<title>==[COLORdarkorange] ==================== [/COLOR]==</title>
</item>

</xml>