<item>
<title>[COLOR gold]==================[/COLOR]</title>
</item>

<item>
<title>[COLORaqua]Welcome To Delta Quadrant, The Add-on of Add-ons[/COLOR]</title>
</item>

<dir>
<title>**Fix Youtube Daily Limit Exceeded**</title>
<link>plugin://plugin.video.thebigfix4yt/</link>
</dir>

<dir>
<title>**AUTHORIZE Debrid RESOLVER / PAIR ONLINE**</title>
<link>plugin://plugin.video.getrealdebrid/</link>
</dir>

<dir>
<title>**[B][COLOR aqua]7 of 9[/COLOR][/B] [B][COLOR red](AIO)[/COLOR][/B]**</title>
<link>plugin://plugin.video.7of9/</link>
</dir>

<item>
<title>[COLOR gold]==================[/COLOR]</title>
</item>

<dir>
<title>**Pluto.TV (Movies On-Demand)**</title>
<link>plugin://plugin.video.plutotv/?mode=3&amp;name=OnDemand/</link>
</dir>

<dir>
<title>**Tubitv - (Movies On-Demand)**</title>
<link>plugin://script.module.7of9-tubi/</link>
</dir>

<dir>
<title>**WNBC Programs (TV Shows On-Demand)**</title>
<link>plugin://plugin.video.wnbc/</link>
</dir>

<dir>
<title>**Popcornflix**</title>
<link>plugin://plugin.video.popcornflix/</link>
</dir>

<dir>
<title>**Crackle**</title>
<link>plugin://plugin.video.crackle/</link>
</dir>

<dir>
<title>**Shout Factory TV**</title>
<link>plugin://plugin.video.shoutfactorytv/</link>
</dir>

<plugin>
<title>**Youtube Full Movies - Reddit**</title>
<link>plugin://plugin.video.reddit_viewer/?mode=listSubReddit&amp;type=fullmoviesonyoutube&amp;url=https%3a%2f%2fwww.reddit.com%2fr%2ffullmoviesonyoutube%2f.json%3f%26limit%3d50</link>
<content></content>
</plugin>

<dir>
<title>**Youtube Theater**</title>
<link>plugin://plugin.video.youtube.theater/</link>
</dir>

<dir>
<title>**FilmRise - YouTube**</title>
<link>plugin://plugin.video.filmrisetv/</link>
</dir>

<dir>
<title>**The Big Short**</title>
<link>plugin://plugin.video.thebigshort/</link>
</dir>

<dir>
<title>**Creature Feature Plus**</title>
<link>plugin://script.module.otbplugins/</link>
</dir>

<dir>
<name>**Classic (BNW) Movies**</name>
<link>plugin://script.module.7of9-goldenage/</link>
</dir>

<dir>
<name>**Caught On Video**</name>
<link>plugin://plugin.video.yttcaughtonvideo/</link>
</dir>

<dir>
<title>**Alpha Quadrant - Sports**</title>
<link>plugin://plugin.video.alphaquadrant/</link>
</dir>

<dir>
<title>**Beta Quadrant - IPTV, 24.7**</title>
<link>plugin://plugin.video.betaquadrant/</link>
</dir>

<dir>
<title>**Gamma Quadrant - World News**</title>
<link>plugin://plugin.video.gammaquadrant/</link>
</dir>

<dir>
<title>**Pluto.TV (IPTV)**</title>
<link>plugin://plugin.video.plutotv/</link>
</dir>

<dir>
<title>**Xumo.TV (IPTV)**</title>
<link>plugin://plugin.video.xumotv/</link>
</dir>

<dir>
<title>**South Park**</title>
<link>plugin://plugin.video.southpark_unofficial/</link>
</dir>

<dir>
<title>***World Star Hip Hop***</title>
<link>plugin://plugin.video.worldstarhiphop/</link>
</dir>

<dir>
<title>***Home Shopping Network (HSN)***</title>
<link>plugin://plugin.video.hsn/</link>
</dir>

<dir>
<title>***Radio***</title>
<link>plugin://plugin.audio.radio_de/</link>
</dir>

<dir>
<title>***NewsON - US Local News***</title>
<link>plugin://plugin.video.newson/</link>
</dir>

<dir>
<title>***News12 - New York***</title>
<link>plugin://plugin.video.news12/</link>
</dir>

<dir>
<title>***CNN News***</title>
<link>plugin://plugin.video.cnn/</link>
</dir>

<dir>
<title>***Sky News***</title>
<link>plugin://plugin.video.skynews/</link>
</dir>

<dir>
<title>***Fox News***</title>
<link>plugin://plugin.video.fox.news/</link>
</dir>

<dir>
<title>***Fitness Blender***</title>
<link>plugin://plugin.video.fitnessblenderv2/</link>
</dir>

<dir>
<title>***Fitness Blender***</title>
<link>plugin://plugin.video.fitnessblenderv2/</link>
</dir>

<item>
<title>[COLORaqua]Movies and TV Shows - Debrid Only[/COLOR]</title>
</item>

<dir>
<title>**7 of 9 One Click - Movies (Movies Debrid)**</title>
<link>http://7of9.m3u.xyz/jen/7of9-cached/movies/pop-1ck.php</link>
</dir>

<dir>
<title>**Locutus - Movies (Movies and Shows Debrid)**</title>
<link>plugin://plugin.video.destinyofborg/</link>
</dir>

<dir>
<title>**A Pirate's Life for Me (Torrent Debrid)**</title>
<link>plugin://plugin.video.livehub2.Diamondize/</link>
</dir>

<dir>
<title>**Search Movies IMDB**</title>
<imdburl>searchmovies</imdburl>

</dir>

<dir>
  <title>**Search TV IMDB**</title>  
  <imdburl>searchseries</imdburl>
</dir>

<dir>
<title>**AUTHORIZE RD RESOLVE / PAIR ONLINE**</title>
<link>plugin://plugin.video.getrealdebrid/</link>
</dir>

<item>
<title>[COLOR gold]==================[/COLOR]</title>
</item>

<dir>
<name>Search Youtube</name>
<link>plugin://plugin.video.youtube/</link>
</dir>

<plugin>
<name>Tools, Settings, Clear Cache</name>
<link>plugin://plugin.video.deltaquadrant/?action=openSettings</link>
<fanart></fanart>
</plugin>

<plugin>
<name>Testings</name>
<link>plugin://plugin.video.deltaquadrant/?action=developer</link>
<thumbnail></thumbnail>
<summary>Testings</summary>
</plugin>

<item>
<title>[COLOR gold]==================[/COLOR]</title>
</item>
