<xml>

<dir>
<title>Trending Tv Shows (Top 100)</title>
<trakt>https://api.trakt.tv/shows/trending/?limit=100&page=1</trakt>
</dir>

<dir>
<title>Trending Tv Shows (Top 30 Fast load)</title>
<trakt>https://api.trakt.tv/shows/trending/?limit=30&page=1</trakt>
</dir>

<dir>
<title>Popular Tv Shows (Top 100)</title>
<trakt>https://api.trakt.tv/shows/popular/?limit=100&page=1</trakt>
</dir>

<dir>
<title>Popular Tv Shows (Top 30 Fast load)</title>
<trakt>https://api.trakt.tv/shows/popular/?limit=30&page=1</trakt>
</dir>

  <dir>
    <title>Top Rated</title>
    <tmdb>tv/top_rated</tmdb>
    <summary>Top Rated TMDB Shows</summary>
  </dir>
  
    <dir>
    <title>On The Air</title>
    <tmdb>tv/on_the_air</tmdb>
    <summary>Shows Airing in Next 7 Days</summary>
  </dir>

  <dir>
    <title>Airing Today</title>
    <tmdb>tv/today</tmdb>
    <summary>Episodes Airing Today</summary>
  </dir>
  
	 <dir>
	<title>Calender</title>
	<tvmaze>calendar</tvmaze>
	</dir> 

  
  <dir>
    <title>Genres</title>
    <link>file://shared lists/genre_tv.xml</link>
    <summary>Search Shows by Genre</summary>
  </dir>
 

  <dir>
    <title>Networks</title>
    <link>file://shared lists/networks.xml</link>
    <summary>Search Shows by Network</summary>
  </dir>
  
	 <dir>
		<title>Hallmark</title>
		<tvmaze>network/50/1</tvmaze>
		<fantart></fantart>
	</dir>

	<dir>
		<title>Lifetime</title>
		<tvmaze>network/18/1</tvmaze>
		<fantart></fantart>
	</dir> 
	
	<item>
	<title>**********************************</title>
	</item>	
  
</xml>