<?xml version="1.0" encoding="UTF-8" standalone="yes"?>
<addon id="script.module.7of9-swiftstreamz" name="7of9 Swift Streamz 1" version="2.2b" provider-name="RACC">
  <requires>
    <import addon="script.module.requests" />
    <import addon="script.module.requests-cache" />
    <import addon="script.module.routing" />
  </requires>
  <extension point="xbmc.python.pluginsource" library="addon.py">
    <provides>video</provides>
  </extension>
  <extension point="xbmc.addon.metadata">
    <summary lang="en_gb">Cloned for 7of9 users from RACC SwiftStreamz Module. All credit must go to anyone involved in the Original Code</summary>
    <description lang="en_gb">Module for SwiftStreamz APK</description>
    <disclaimer lang="en_gb"></disclaimer>
    <language></language>
    <platform>all</platform>
    <license></license>
    <forum></forum>
    <website></website>
    <email></email>
    <source>Requires Kodi 18 Leia</source>
  </extension>
</addon>
