
<item>
<title>==[COLORdarkorange] ==================== [/COLOR]==</title>
</item>

<dir>
<title>REAL DEBRID Watch/Torrent</title>
<link>plugin://plugin.video.realdebird/</link>
</dir>

<dir>
<title>GET REAL DEBRID / Sign-Up</title>
<link>plugin://script.diamond.getrealdebrid/</link>
</dir>

<item>
<title>==[COLORdarkorange] ==================== [/COLOR]==</title>
</item>

<item>
<title>Authorize Debrid Services</title>
<authwith>authlist</authwith>
</item>

<item>
<title>Clear Resolver Function Cache</title>
<funccache>funclist</funccache>
</item>

<dir>
<title>RESET AUTHORIZE REAL DEBRID (RESOLVE-URL)</title>
<link>plugin://script.module.resolveurl/?mode=reset_rd</link>
</dir>

<dir>
<title>RESET AUTHORIZE REAL DEBRID (URL-RESOLVER)</title>
<link>plugin://script.module.urlresolver/?mode=reset_rd</link>
</dir>

<item>
<title>==[COLORdarkorange] ==================== [/COLOR]==</title>
</item>

<dir>
<title>PAIR ONLINE HERE</title>
<pairwith>pairlist</pairwith>
</dir>

<item>
<title>==[COLORdarkorange] ==================== [/COLOR]==</title>
</item>

<item>
<title>Settings</title>
<mysettings>0/0</mysettings>
</item>

<item>
<title>==[COLORdarkorange] ==================== [/COLOR]==</title>
</item>








