<item>
<title>[COLOR gold]==================[/COLOR]</title>
</item>

<item>
<title>Try Fix 1 - for YouTube</title>
<meta>
<summary>Fix 1 - for YouTube </summary>
</meta>
<ytapi>
Daily Limit Fix/AIzaSyAMQNV12nCMIZ9KaZQ9UzwYhLPTGMikoG4/541517242744-mvt930qnplkbsaj5jeteb2v0la2tandq.apps.googleusercontent.com/7-u5_r9mp_rGBb8ky82pTYoc
</ytapi>
</item>

<item>
<title>Try Fix 2 - for YouTube</title>
<meta>
<summary>Fix 2 - for YouTube </summary>
</meta>
<ytapi>
Daily Limit Fix/AIzaSyC_N39Thdn8aXGdsSQVdSI0zHrTc0V3jt8/646445959483-uoeh2s619gsqshik21uefmfirg2rnmr5.apps.googleusercontent.com/rUHnMWY8c94o30yFt8NfKb9G
</ytapi>
</item>

<dir>
<title>[B][COLOR lime]Enter Here[/COLOR] ---= [COLOR aqua]7 of 9[/COLOR][/B] [COLOR red][B](AIO) Main Addon[/COLOR] =---- [COLOR lime]Enter Here[/COLOR][/B]</title>
<link>http://7of9.m3u.xyz/jen/7of9-cached/7of9-access.php</link>
</dir>

<item>
<title>[COLOR gold]==================[/COLOR]</title>
</item>

<dir>
<title>**AUTHORIZE Debrid RESOLVER / PAIR ONLINE**</title>
<link>plugin://plugin.video.getrealdebrid/</link>
</dir>

<dir>
<title>**One Click - Movies** (1Fichier via Real-Debrid)</title>
<link>http://7of9.m3u.xyz/jen/7of9-cached/movies/pop-1ck.php</link>
</dir>

<dir>
<title>**A Pirate's Life for Me** (Torrent via Real-Debrid)</title>
<link>plugin://plugin.video.livehub2.Diamondize/</link>
</dir>

<dir>
<title>**Tubitv - True 1-Click**</title>
<link>plugin://script.module.7of9-tubi/</link>
</dir>

<dir>
<title>**Creature Feature Plus**</title>
<link>plugin://script.module.otbplugins/</link>
</dir>

<dir>
<name>**Classic (BNW) Movies**</name>
<link>plugin://script.module.7of9-goldenage/</link>
</dir>

<dir>
<name>**Caught On Video**</name>
<link>plugin://plugin.video.yttcaughtonvideo/</link>
</dir>

<dir>
<title>**Youtube Theater**</title>
<link>plugin://plugin.video.youtube.theater/</link>
</dir>

<plugin>
<title>**Youtube Full Movies - Reddit**</title>
<link>plugin://plugin.video.reddit_viewer/?mode=listSubReddit&amp;type=fullmoviesonyoutube&amp;url=https%3a%2f%2fwww.reddit.com%2fr%2ffullmoviesonyoutube%2f.json%3f%26limit%3d50</link>
<content></content>
</plugin>

<dir>
<title>**24/7 - Filmon Channels**</title>
<Airtable>247</Airtable>
</dir>

<dir>
<title>**24/7 - Movies**</title>
<arconaitv2>movies</arconaitv2>
</dir>

<dir>
<title>**24/7 - TV Shows**</title>
<arconaitv2>shows</arconaitv2>
</dir>

<dir>
<title>**24/7 - Channels**</title>
<arconaitv2>cable</arconaitv2>
</dir>

<dir>
<title>**24/7 Movies Mixed**</title>
<m3u>http://7of9.m3u.xyz/jen/7of9-cached/iptv/greased-lightning-iptv-movies1.php</m3u>
<info>Fluxus IPTV Channels List</info>
</dir>


<dir>
<title>**Fluxus Pluto TV (IPTV)**</title>
<m3u>http://7of9.m3u.xyz/iptv/db/fluxusplutotv.m3u.php</m3u>
<info>Fluxus IPTV Channels List</info>
</dir>

<dir>
<title>**Xumo.TV (IPTV)**</title>
<link>plugin://plugin.video.xumotv/</link>
</dir>

<dir>
<title>**Popcornflix**</title>
<link>plugin://plugin.video.popcornflix/</link>
</dir>

<dir>
<title>**Crackle**</title>
<link>plugin://plugin.video.crackle/</link>
</dir>

<dir>
<title>**Shout Factory TV**</title>
<link>plugin://plugin.video.shoutfactorytv/</link>
</dir>

<dir>
<title>**WNBC (NBC TV Shows)**</title>
<link>plugin://plugin.video.wnbc/</link>
</dir>

<dir>
<title>**FilmRise - YouTube**</title>
<link>plugin://plugin.video.filmrisetv/</link>
</dir>

<dir>
<title>**Snagfilms**</title>
<link>plugin://plugin.video.snagfilms/</link>
</dir>

<dir>
<title>**South Park**</title>
<link>plugin://plugin.video.southpark_unofficial/</link>
</dir>

<dir>
<title>***World Star Hip Hop***</title>
<link>plugin://plugin.video.worldstarhiphop/</link>
</dir>

<dir>
<title>***Home Shopping Network (HSN)***</title>
<link>plugin://plugin.video.hsn/</link>
</dir>

<dir>
<title>***Radio***</title>
<link>plugin://plugin.audio.radio_de/</link>
</dir>

<dir>
<title>***NewsON - US Local News***</title>
<link>plugin://plugin.video.newson/</link>
</dir>

<dir>
<title>***News12 - New York***</title>
<link>plugin://plugin.video.news12/</link>
</dir>

<dir>
<title>***CNN News***</title>
<link>plugin://plugin.video.cnn/</link>
</dir>

<dir>
<title>***Sky News***</title>
<link>plugin://plugin.video.skynews/</link>
</dir>

<dir>
<title>***Fox News***</title>
<link>plugin://plugin.video.fox.news/</link>
</dir>

<dir>
<title>***Fitness Blender***</title>
<link>plugin://plugin.video.fitnessblenderv2/</link>
</dir>


<item>
<title>[COLOR gold]==================[/COLOR]</title>
</item>

<dir>
<name>Search Youtube</name>
<link>plugin://plugin.video.youtube/</link>
</dir>

<plugin>
<name>Tools, Settings, Clear Cache</name>
<link>plugin://plugin.video.deltaquadrant/?action=openSettings</link>
<fanart></fanart>
</plugin>

<plugin>
<name>Testings</name>
<link>plugin://plugin.video.deltaquadrant/?action=developer</link>
<thumbnail></thumbnail>
<summary>Testings</summary>
</plugin>

<item>
<title>[COLOR gold]==================[/COLOR]</title>
</item>

<dir>
<title>AUTHORIZE RD RESOLVE / PAIR ONLINE</title>
<link>plugin://plugin.video.getrealdebrid/</link>
</dir>

<item>
<title>[COLOR gold]==================[/COLOR]</title>
</item>