<?xml version="1.0" encoding="UTF-8" standalone="yes"?>
<addon id="script.module.7of9-cbwm" name="7of9 CBWM Module" version="1.0" provider-name="SomeBody">
  <requires>
    <import addon="xbmc.python" version="2.1.0"/>
    <import addon="script.module.resolveurl" version="5.0.0.5" />
    <import addon="script.module.requests" />
  </requires>
  <extension point="xbmc.python.pluginsource" library="default.py">
    <provides>all</provides>
  </extension>
  <extension point="xbmc.addon.metadata">
    <summary lang="en">Classics Black and White Movies</summary>
    <description lang="en">CBWM</description>
    <disclaimer lang="en">The author does not host or own any content found within this Addon. The Author is not connected to or in any other way affiliated with Kodi, Team Kodi, or the XBMC Foundation.</disclaimer>
    <platform>all</platform>
  </extension>
</addon>
