<?xml version="1.0" encoding="UTF-8" standalone="yes"?>
<addon id="plugin.video.movietheaterbutter.auto" version="4.18" name="[B][COLOR lime]Greased Lightning Movie Cinema[/COLOR][/B]" provider-name="Greased Lightning">
   <requires>
        <import addon="xbmc.python" version="2.19.0" />
        <import addon="script.module.movietheaterbutter.auto" />
        <import addon="script.artwork.movietheaterbutter.auto" />
        <import addon="script.metadata.movietheaterbutter.auto" />
        <import addon="script.module.resolveurl" />
        <import addon="script.module.requests" />
        <import addon="script.module.metahandler" />
		<import addon="script.module.diamondscrapers" version="0.0.1.82" />
    </requires>
    <extension point="xbmc.python.pluginsource" library="defiant.py">
        <provides>video</provides>
    </extension>
    <extension point="xbmc.service" library="service.py" start="startup" />	
    <extension point="xbmc.addon.metadata">
		<summary lang="en">Greased Lightning.</summary>
		<disclaimer lang="en">The authors of this addon do not host any of the content which is found and have no affiliation with any of the content providers. This addon simply searches websites for content. Use at your own risk!</disclaimer>
		<description lang="en">Greased Lightning Could Not Be Possible Without 13Clowns, Atreides, Exodus, Exodus Redux, Placenta, Michaelmyers, Resistance, Incursion or Yoda. Much Respect To The Devs That Came Before.</description>
    <platform>all</platform>
    <license>GNU GENERAL PUBLIC LICENSE. Version 3, 29 June 2007</license>
    <assets>
        <icon>icon.png</icon>
        <fanart>fanart.jpg</fanart>
    </assets>
    <news></news>
    </extension>
</addon>