<?xml version="1.0" encoding="UTF-8" standalone="yes"?>
<addon id="plugin.video.motherless.Diamondize"
	   name="motherless"
	   version="1.0.2"
	   provider-name="motherless">
  <extension point="xbmc.python.pluginsource"
			 library="default.py">
    	<provides>all</provides>
  </extension>
  <extension point="xbmc.addon.metadata">
    <summary>Adult(18+) videos from motherless.com</summary>
    <description>Adult(18+) videos from motherless.com</description>
    <platform>all</platform>
  </extension>
</addon>






