<?xml version="1.0" encoding="UTF-8" standalone="yes"?>
<addon id="plugin.video.goldenage" name="[B][COLOR gold]Golden Age[/COLOR][/B]" version="2.7" provider-name="Chuck U Farley">
  <requires>
    <import addon="xbmc.python" version="2.1.0"/>
    <import addon="script.module.resolveurl" version="5.0.0.5" />
    <import addon="script.module.requests" />
  </requires>
  <extension point="xbmc.python.pluginsource" library="default.py">
    <provides>video</provides>
  </extension>
  <extension point="xbmc.addon.metadata">
    <summary lang="en">Timeless Classics from The Golden Age</summary>
    <description lang="en">Added search and photo</description>
    <disclaimer lang="en">The author does not host or own any content found within this Addon. The Author is not connected to or in any other way affiliated with Kodi, Team Kodi, or the XBMC Foundation.</disclaimer>
    <platform>all</platform>
  </extension>
</addon>
