<?xml version="1.0" encoding="UTF-8" standalone="yes"?>
<addon id="script.diamondautoclean"
       name="[B][COLOR yellow]DIA[/COLOR][COLOR blue]MOND[/COLOR][COLOR red] AUTO [/COLOR][COLOR goldenrod]CLEAN[/COLOR][/B]"
       version="2.1.2"
       provider-name="Diamond Wizard">
  <requires>
    <import addon="xbmc.python" version="2.1.0"/>
  </requires>
 	<extension point="xbmc.python.pluginsource" library="default.py">
		<provides>executable</provides>
	</extension> 
  <extension point="xbmc.service" library="service.py" start="startup" />
  <extension point="xbmc.addon.metadata">
    <platform>all</platform>
    <summary>Maintenance</summary>
    <description>Your one stop tool for auto clearing your device.</description>
    <language></language>
    <license></license>
    <source></source>
    <forum></forum>
    <website></website>
  </extension>
</addon>
