<xml>

<item>
<title>==[COLORdarkorange] ==================== [/COLOR]==</title>
</item>

<item>
<title>Authorize ResolveURL Debrid Services</title>
<authwith>authlist</authwith>
</item>

<item>
<title>Authorize URLResolver Debrid Services</title>
<authwith2>authlist</authwith2>
</item>

<item>
<title>Clear Resolver Function Cache</title>
<funccache>funclist</funccache>
</item>

<dir>
<title>RESET AUTHORIZE REAL DEBRID (RESOLVE-URL)</title>
<link>plugin://script.module.resolveurl/?mode=reset_rd</link>
</dir>

<dir>
<title>RESET AUTHORIZE REAL DEBRID (URL-RESOLVER)</title>
<link>plugin://script.module.urlresolver/?mode=reset_rd</link>
</dir>

<dir>
<title>RESET AUTHORIZE AllDebrid (RESOLVE-URL)</title>
<link>plugin://script.module.resolveurl/?mode=reset_ad</link>
</dir>

<dir>
<title>RESET AUTHORIZE AllDebrid (URL-RESOLVER)</title>
<link>plugin://script.module.urlresolver/?mode=reset_ad</link>
</dir>

<dir>
<title>RESET AUTHORIZE Premiumize.me (RESOLVE-URL)</title>
<link>plugin://script.module.resolveurl/?mode=reset_pm</link>
</dir>

<dir>
<title>RESET AUTHORIZE Premiumize.me (URL-RESOLVER)</title>
<link>plugin://script.module.urlresolver/?mode=reset_pm</link>
</dir>

<item>
<title>==[COLORdarkorange] ==================== [/COLOR]==</title>
</item>

<dir>
<title>My Downloads (Media -YOU- Added To RD)</title>
<link>plugin://plugin.video.realdebird/downloads/</link>
</dir>

<dir>
<title>My Torrents (Media -YOU- Added To RD)</title>
<link>plugin://plugin.video.realdebird/torrents/</link>
</dir>

<dir>
<title>View RD Account Status</title>
<link>plugin://plugin.video.realdebird/account/</link>
</dir>

<dir>
<title>GET REAL DEBRID / Sign-Up</title>
<link>plugin://script.diamond.getrealdebrid/</link>
</dir>

<item>
<title>==[COLORdarkorange] ==================== [/COLOR]==</title>
</item>

</xml>
