
<item>
<title>=======[COLOR lime]All Welcome To 7of9[/COLOR]=======</title>
</item>

<item>
<title>[COLOR dodgerblue]"Of all the souls I have encountered in[/COLOR]</title>
</item>

<item>
<title>[COLOR dodgerblue]my travels, his was the most...  human."[/COLOR]</title>
</item>

<item>
<title>[B][COLOR dodgerblue]**********************************[/COLOR][/B]</title>
</item>

<dir>
<title>**Fix Youtube Daily Limit Exceeded**</title>
<link>plugin://plugin.video.thebigfix4yt/</link>
</dir>

<dir>
<title>**AUTHORIZE Debrid / Manage Debrid**</title>
<link>http://7of9.m3u.xyz/jen/puckapks/debridmanage.xml</link>
</dir>

<item>
<title>[B][COLOR dodgerblue]**********[/COLOR][/B]</title>
</item>

<dir>
<title>[COLORwhite]=Delta Quadrant - One-Click - Add-Ons=[/COLOR]</title>
<link>plugin://plugin.video.deltaquadrant/</link>
</dir>

<item>
<title>[B][COLOR dodgerblue]**********[/COLOR][/B]</title>
</item>

<dir>
  <title>[COLORwhite]=Movies= (1 Click Debrid)[/COLOR]</title>
  <link>http://www.ezzer-mac.com/frank/ghost/ghostxmls/xmls1/allaboutmovies.xml</link>
  <thumbnail>http://www.ezzer-mac.com/frank/artghost/newghostfanart/movies.png</thumbnail>
  <fanart>http://www.ezzer-mac.com/frank/artghost/movies.jpg</fanart>
  <summary>Movies</summary>
  </dir> 

<dir>
<title>[COLORwhite]=Movies= (Short Menu)[/COLOR]</title>
<link>http://7of9.m3u.xyz/jen/puckapks/movies.xml</link>
</dir>

<dir>
<title>[COLORwhite]=Movies= (Extended menu)[/COLOR]</title>
<link>http://7of9.m3u.xyz/jen/7of9-cached/movies/homejen.php</link>
</dir>

<item>
<title>[B][COLOR dodgerblue]**********[/COLOR][/B]</title>
</item>

  <dir>
  <title>[COLORwhite]=TV Shows= (1 Click Debrid)[/COLOR]</title>
  <link>http://www.ezzer-mac.com/frank/ghost/ghostxmls/xmls1/alltvshows.xml</link>
  <thumbnail>http://www.ezzer-mac.com/frank/artghost/newghostfanart/series.png</thumbnail>
  <fanart>http://www.ezzer-mac.com/frank/artghost/tvshow.jpg</fanart>
  <summary>Tv Shows</summary>
  </dir> 

<dir>
<title>[COLORwhite]=TV Shows= (Short Menu)[/COLOR]</title>
<link>http://7of9.m3u.xyz/jen/puckapks/tvshows.xml</link>
</dir>

<dir>
<title>[COLORwhite]=TV Shows= (Extended menu)[/COLOR]</title>
<link>http://7of9.m3u.xyz/jen/7of9-cached/tvshows/homejen.php</link>
</dir>

<item>
<title>[B][COLOR dodgerblue]**********[/COLOR][/B]</title>
</item>

  <dir>
<title>[COLORwhite]=Kids= (1 Click Debrid)[/COLOR]</title>
  <link>http://www.ezzer-mac.com/frank/ghost/ghostxmls/xmls1/allkids.xml</link>
  <thumbnail>http://www.ezzer-mac.com/frank/artghost/newghostfanart/kids.png</thumbnail>
  <fanart>http://www.ezzer-mac.com/frank/artghost/kids.jpg</fanart>
  <summary>Kids Movies</summary>
  </dir>

<dir>
<title>[COLORwhite]=Kids= (Big Toons)[/COLOR]</title>
<link>plugin://plugin.video.bigtoons/</link>
</dir>

<item>
<title>[B][COLOR dodgerblue]**********[/COLOR][/B]</title>
</item>

<dir>
<title>[COLORwhite]=Pluto.TV - (Movies/TV On-Demand)[/COLOR]</title>
<link>plugin://plugin.video.plutotv/?mode=3&amp;name=OnDemand/</link>
</dir>

<dir>
<title>[COLORwhite]=Xumo.TV - (Movies/TV On-Demand)[/COLOR]</title>
<link>plugin://plugin.video.xumotv/?mode=2&amp;name=OnDemand/</link>
</dir>

<item>
<title>[B][COLOR dodgerblue]**********[/COLOR][/B]</title>
</item>

<dir>
<title>[COLORwhite]=Fan/Short Films= (The Big Short)[/COLOR]</title>
<link>plugin://plugin.video.thebigshort/</link>
</dir>

<dir>
<title>[COLORwhite]=Star Trek / Star Wars=[/COLOR]</title>
<link>http://7of9.m3u.xyz/jen/7of9-cached/startrekhome.php</link>
</dir>

<dir>
<title>[COLORwhite]=Martial Arts=[/COLOR]</title>
<link>http://7of9.m3u.xyz/jen/7of9-cached/movies/martial.arts.php</link>
</dir>

<dir>
<title>[COLORwhite]=Urban / Gangster=[/COLOR]</title>
<link>http://7of9.m3u.xyz/jen/7of9-cached/urban/home.php</link>
</dir>

<dir>
<title>[COLORwhite]=Sci-Fi / Fantasy=[/COLOR]</title>
<link>http://7of9.m3u.xyz/jen/7of9-cached/movies/scifi-build.php</link>
</dir>

<dir>
<title>[COLORwhite]=Horror / Cult=[/COLOR]</title>
<link>http://7of9.m3u.xyz/jen/7of9-cached/movies/horror-build.php</link>
</dir>

<dir>
<title>[COLORwhite]=Super Heroes=[/COLOR]</title>
<link>http://7of9.m3u.xyz/jen/7of9-cached/super-heroes.php</link>
</dir>

<dir>
<title>[COLORwhite]=Classic (BNW) Movies=[/COLOR]</title>
<link>http://7of9.m3u.xyz/jen/7of9-cached/movies/bnw.php</link>
</dir>

<dir>
<title>[COLORwhite]=Actors and Actresses=[/COLOR]</title>
<link>http://7of9.m3u.xyz/jen/7of9-cached/movies/actors-actresses.php</link>
</dir>

<dir>
  <title>[COLORwhite]=Trailers, Critics And Shows=[/COLOR]</title>
<link>http://7of9.m3u.xyz/jen/7of9-cached/movies/movie.trailers.php</link>
</dir>

<dir>
<title>[COLORwhite]=Celebrity Gossip=[/COLOR]</title>
<link>http://7of9.m3u.xyz/jen/7of9-cached/celebritygossip.php</link>
</dir>

<item>
<title>[B][COLOR dodgerblue]**********[/COLOR][/B]</title>
</item>

<dir>
<title>[COLORwhite]=Now Thats Funny=[/COLOR]</title>
<link>http://7of9.m3u.xyz/jen/7of9-cached/youtubecinema/funnyvideos.php</link>
</dir>

<item>
<title>[B][COLOR dodgerblue]**********[/COLOR][/B]</title>
</item>

<dir>
<title>[COLORwhite]=Classic Radio Theater=[/COLOR]</title>
<link>http://7of9.m3u.xyz/jen/7of9-cached/oldtimeradio.php</link>
</dir>

<dir>
<title>[COLORwhite]=Music=[/COLOR]</title>
<link>http://7of9.m3u.xyz/jen/7of9-cached/music.php</link>
</dir>

<item>
<title>[B][COLOR dodgerblue]**********[/COLOR][/B]</title>
</item>

<dir>
<title>[COLORwhite]=Alpha Quadrant=[/COLOR] [B][COLOR red](Sports)[/COLOR][/B]**</title>
<link>plugin://plugin.video.alphaquadrant/</link>
</dir>

<dir>
  <title>[COLORwhite]=UFC=[/COLOR] [B][COLOR red](Replays)[/COLOR][/B]**</title>
  <link>http://www.ezzer-mac.com/frank/ghost/ghostxmls/xmls1/ufc.xml</link>
  <thumbnail>http://www.ezzer-mac.com/frank/artghost/ufcc.png</thumbnail>
  <fanart>http://www.ezzer-mac.com/frank/artghost/diaz.jpg</fanart>
  <summary>Ufc Replays</summary>
  </dir>
  
 <dir>
  <title>[COLORwhite]=Sport Channels=[/COLOR] [B][COLOR red](TV-TAP)[/COLOR][/B]**</title> 
<link>plugin://script.module.7of9-live/list_channels/5</link>
</dir>

<dir>
  <title>[COLORwhite]=Sport Channels=[/COLOR] [B][COLOR red](Swift Streamz HD)[/COLOR][/B]**</title> 
<link>plugin://script.module.7of9-swiftstreamz/list_channels/8</link>
</dir> 

<dir>
<title>[COLORwhite]=Sports Documentaries=[/COLOR] [B][COLOR red](Youtube)[/COLOR][/B]**</title> 
<link>http://7of9.m3u.xyz/jen/7of9-cached/sports/sports.docs.php</link>
</dir>

<item>
<title>[B][COLOR dodgerblue]**********[/COLOR][/B]</title>
</item>

<dir>
<title>[COLORwhite]=Beta Quadrant=[/COLOR] [B][COLOR red](IPTV, 24.7)[/COLOR][/B]**</title>
<link>plugin://plugin.video.betaquadrant/</link>
</dir>

<item>
<title>[B][COLOR dodgerblue]**********[/COLOR][/B]</title>
</item>

<dir>
<title>[COLORwhite]=Gamma Quadrant=[/COLOR] [B][COLOR red](World News)[/COLOR][/B]**</title>
<link>plugin://plugin.video.gammaquadrant/</link>
</dir>

<item>
<title>[B][COLOR dodgerblue]**********[/COLOR][/B]</title>
</item>

<dir>
<title>[COLORwhite]=Top Documentaries=[/COLOR]</title>
<link>http://7of9.m3u.xyz/jen/7of9-cached/docs.php</link>
</dir>

<item>
<title>[B][COLOR dodgerblue]**********[/COLOR][/B]</title>
</item>

<dir>
<title>[COLORwhite]=Fitness / Sexy Fitness=[/COLOR]</title>
<link>http://7of9.m3u.xyz/jen/7of9-cached/fitness.php</link>
</dir>

<dir>
<title>[COLORwhite]=Relax=[/COLOR]</title>
<link>http://7of9.m3u.xyz/jen/7of9-cached/youtubecinema/relax.php</link>
</dir>

<item>
<title>[B][COLOR dodgerblue]**********************************[/COLOR][/B]</title>
</item>

<dir>
<title>[COLORwhite]=Trakt=[/COLOR]</title>
<link>file://trakt.xml</link>
<summary>Trakt</summary>
</dir>

<dir>
<title>[COLORwhite]=Search=[/COLOR]</title>
<link>file://search.xml</link>
<summary>Search</summary>
</dir>

<dir>
<name>[COLORwhite]=Search Youtube=[/COLOR]</name>
<link>plugin://plugin.video.youtube/[/COLOR]</link>
</dir>

<item>
<title>[B][COLOR dodgerblue]**********[/COLOR][/B]</title>
</item>

<plugin>
<name>[COLORwhite]=Tools, Settings, Clear Cache=[/COLOR]</name>
<link>plugin://plugin.video.7of9/?action=openSettings</link>
<fanart></fanart>
</plugin>

<plugin>
<name>[COLORwhite]=Testings=</name>
<link>plugin://plugin.video.7of9/?action=developer</link>
<thumbnail></thumbnail>
<summary>Testings</summary>
</plugin>

<item>
<title>[B][COLOR dodgerblue]**********[/COLOR][/B]</title>
</item>

<dir>
<title>[COLORwhite]=Adults 18+ Only - Password Protected=[/COLOR]</title>
<link>http://7of9.m3u.xyz/jen/7of9-cached/adult/xxx.gateway.php</link>
<password>get/c2V4bG92ZXI=</password>
</dir>

<item>
<title>[B][COLOR dodgerblue]**********[/COLOR][/B]</title>
</item>

<dir>
<title>[COLORwhite]=7of9 - DISCLAIMER=[/COLOR]</title>
<link>message(http://7of9.m3u.xyz/jen/7of9-cached/Disclaimer.php)</link>
<thumbnail></thumbnail>
<fanart></fanart>
</dir>

<item>
<title>[B][COLOR dodgerblue]**********************************[/COLOR][/B]</title>
</item>

<item>
<title>[COLOR dodgerblue]"And Enterprise feels like a house with[/COLOR]</title>
</item>

<item>
<title>[COLOR dodgerblue]all the children gone. No, more empty[/COLOR]</title>
</item>

<item>
<title>[COLOR dodgerblue]than even that.  The death of Spock is[/COLOR]</title>
</item>

<item>
<title>[COLOR dodgerblue]like an open wound. It seems that I have[/COLOR]</title>
</item>

<item>
<title>[COLOR dodgerblue]left the noblest part  of myself back[/COLOR]</title>
</item>

<item>
<title>[COLOR dodgerblue]there ...on that newborn planet."?[/COLOR]</title>
</item>

<item>
<title>[B][COLOR dodgerblue]**********************************[/COLOR][/B]</title>
</item>

<item>
<title>==[COLORdarkorange] Your Donation Pays Server Cost [/COLOR]==</title>
</item>

<item>
<title>==[COLORdarkorange] Donation Email: DiamondBuild@gmx.com [/COLOR]==</title>
</item>

<item>
<title>[B][COLOR dodgerblue]**********************************[/COLOR][/B]</title>
</item>