<?xml version="1.0" encoding="UTF-8" standalone="yes"?>
<addon id="repository.Diamond-Wizard-Repo2" name=".[COLORwhite]***[/COLOR][COLOR crimson]D[/COLOR][COLOR silver]iamond Build Repo (Server 2 Stand By)[/COLOR][COLORwhite]***[/COLOR]" version="3.7.2" provider-name="Team Diamond">
<extension point="xbmc.addon.repository" name="Diamond Wizard Repo - Stand By">
<!-- Diamond Repository -->bobbybark/Bobby-Testings-Repo

<dir>
<info compressed="false">https://raw.githubusercontent.com/bobbybark/Diamond-Build-Repo/master/addons.xml</info></info>
<checksum>https://raw.githubusercontent.com/bobbybark/Diamond-Build-Repo/master/addons.xml.md5</checksum>
<datadir zip="true">https://raw.githubusercontent.com/bobbybark/Diamond-Build-Repo/master/</datadir>
</dir>

<dir>
    <info compressed="false">https://raw.githubusercontent.com/a4k-openproject/repository.openscrapers/master/zips/addons.xml</info>
    <checksum>https://raw.githubusercontent.com/a4k-openproject/repository.openscrapers/master/zips/addons.xml.md5</checksum>
    <datadir zip="true">https://raw.githubusercontent.com/a4k-openproject/repository.openscrapers/master/zips/</datadir>
</dir>

<dir>
<info compressed="false">https://raw.githubusercontent.com/jenaddon/repository.jenrepo/master/zips/addons.xml</info>
<checksum>https://raw.githubusercontent.com/jenaddon/repository.jenrepo/master/zips/addons.xml.md5</checksum>
<datadir zip="true">https://raw.githubusercontent.com/jenaddon/repository.jenrepo/master/zips/</datadir>
</dir>

<dir>
<info compressed="false">https://raw.githubusercontent.com/teamuniversal/scrapers/master/_modules4all/zips/addons.xml</info>
<checksum>https://raw.githubusercontent.com/teamuniversal/scrapers/master/_modules4all/zips/addons.xml.md5</checksum>
<datadir zip="true">https://raw.githubusercontent.com/teamuniversal/scrapers/master/_modules4all/zips/</datadir>
</dir>

<dir>
<info compressed="false">https://raw.githubusercontent.com/jsergio123/zips/master/addons.xml</info>
<checksum>https://raw.githubusercontent.com/jsergio123/zips/master/addons.xml.md5</checksum>
<datadir zip="true">https://raw.githubusercontent.com/jsergio123/zips/master/</datadir>
</dir>

<dir>
<info compressed="false">https://raw.githubusercontent.com/totalrevolution/python-koding/master/zips/addons.xml</info>
<checksum>https://raw.githubusercontent.com/totalrevolution/python-koding/master/zips/addons.xml.md5</checksum>
<datadir zip="true">https://raw.githubusercontent.com/totalrevolution/python-koding/master/zips/</datadir>
</dir>

<dir>
<info compressed="false">https://raw.githubusercontent.com/marcelveldt/repository.marcelveldt/master/addons.xml</info>
<checksum>https://raw.githubusercontent.com/marcelveldt/repository.marcelveldt/master/addons.xml.md5</checksum>
<datadir zip="true">https://raw.githubusercontent.com/marcelveldt/repository.marcelveldt/master/</datadir>
</dir>
</extension>
<extension point="xbmc.addon.metadata">
<summary lang="en">Diamond Addons / BackUp Repo</summary>
<description lang="en">Repo For Diamond Build, Bought to you by Diamond Build</description>
<disclaimer>The owners and submitters to this repository do not host or distribute any of the content displayed by these addons nor do they have any affiliation with the content providers.</disclaimer>
<platform>all</platform>
</extension>
</addon>
