
<item>
<title>==[COLORdarkorange] ==================== [/COLOR]==</title>
</item>

<dir>
<title>REAL DEBRID Watch/Torrent</title>
<link>plugin://plugin.video.realdebird/</link>
</dir>

<dir>
<title>GET REAL DEBRID</title>
<link>plugin://script.diamond.getrealdebrid/</link>
</dir>

<item>
<title>==[COLORdarkorange] ==================== [/COLOR]==</title>
</item>

<dir>
<title>AUTHORIZE REAL DEBRID (RESOLVE-URL)</title>
<link>plugin://script.module.resolveurl/?mode=auth_rd</link>
</dir>

<dir>
<title>RESET AUTHORIZE REAL DEBRID (RESOLVE-URL)</title>
<link>plugin://script.module.resolveurl/?mode=reset_rd</link>
</dir>

<dir>
<title>RESET FUNCTION CACHE (RESOLVE-URL)</title>
<link>plugin://script.module.resolveurl/?mode=reset_cache</link>
</dir>

<item>
<title>==[COLORdarkorange] ==================== [/COLOR]==</title>
</item>

<dir>
<title>AUTHORIZE REAL DEBRID (URL-RESOLVER)</title>
<link>plugin://script.module.urlresolver/?mode=auth_rd</link>
</dir>

<dir>
<title>RESET AUTHORIZE REAL DEBRID (URL-RESOLVER)</title>
<link>plugin://script.module.urlresolver/?mode=reset_rd</link>
</dir>

<dir>
<title>RESET FUNCTION CACHE (URL-RESOLVER)</title>
<link>plugin://script.module.urlresolver/?mode=reset_cache</link>
</dir>

<item>
<title>==[COLORdarkorange] ==================== [/COLOR]==</title>
</item>

<dir>
<title>PAIR ONLINE HERE</title>
<pairwith>pairlist</pairwith>
</dir>

<item>
<title>==[COLORdarkorange] ==================== [/COLOR]==</title>
</item>