<?xml version="1.0" encoding="UTF-8" standalone="yes"?>
<addon
	id="plugin.video.reddit_viewer"
	name="Reddit Viewer"
	version="3.5.0"
	provider-name="gedisony">
	<requires>
		<import addon="xbmc.python"                     version="2.24.0"                />
		<import addon="script.module.requests"          version="1.1.0"/>
		<import addon="script.module.youtube.dl"        version="16.521.0"/>
	</requires>

	<extension point="xbmc.python.pluginsource" library="default.py">
		<provides>video</provides>
	</extension>

	<extension point="xbmc.addon.metadata">
		<platform>all</platform>
		<summary lang="en">Reddit viewer for Kodi</summary>
		<language></language>
		<description lang="en">Reddit is a social news and entertainment website where users share and vote on content they find funny and interesting.[CR]View Reddit video and images on Kodi[CR][CR]Original by: AddonscriptorDE and rasjani [CR]Forked from https://github.com/rasjani/plugin.video.reddit_tv[CR]</description>
		<website>http://www.reddit.com</website>
		<source>https://github.com/gedisony/plugin.video.reddit_viewer</source>
		<forum>http://forum.kodi.tv/showthread.php?tid=280388</forum>
		<license>GNU GENERAL PUBLIC LICENSE. Version 2, June 1991</license>
		<email>gediso+ny at gmail dot com</email>
		<news>
v3.3.3  (2017-3-26)
    - Multi-threaded parsing of reddit posts
v3.3.2  (2017-3-22)
    - Save/Unsave posts to your reddit account
v3.2.0  (2017-2-25)
    - Open link in default os web browser
    - Customize context menu
v3.1.1  (2017-2-10)
    - Retrieve subreddit info when adding or editing them on initial screen
v3.1.0
    - update fanart
    - fix nsfw filter
v3.0.7
    - add option to repeat gif playback
v3.0.5
    - include check if urlresolver can play a posted link 
		</news>
		<disclaimer>This add-on is not published nor endorsed by reddit inc.</disclaimer>
		<assets>
			<icon>icon.png</icon>
			<fanart>resources/r_fanart.jpg</fanart>
		</assets>
	</extension>
</addon>
