<?xml version="1.0" encoding="UTF-8" standalone="yes"?>
<addon id="script.module.diamondcinema" name="Diamond Cinema Scrapers" version="1.01" Eprovider-name="Diamond Build">
  <requires>
    <import addon="xbmc.python" version="2.1.0"/>
	<import addon="script.module.requests" />
	<import addon="script.module.urlresolver" />
    <import addon="script.module.beautifulsoup4" />
	<import addon="script.video.F4mProxy" />
  </requires>
  <extension point="xbmc.python.pluginsource" library="default.py">
        <provides>all</provides>
  </extension>
  <extension point="xbmc.addon.metadata">
    <summary lang="en">Diamond Cinema Dependency Addon</summary>
    <description lang="en">Diamond Cinema Dependency Addon</description>
	<disclaimer lang="en">Diamond Cinema Dependency Addon</disclaimer>
    <platform>all</platform>
  </extension>
</addon>
