<?xml version="1.0" encoding="UTF-8" standalone="yes"?>
<addon id="script.diamond.getrealdebrid" name="[B][COLOR yellow]Get[/COLOR] [COLOR blue]Real[/COLOR]-[COLOR orange]Debrid[/COLOR][/B]" version="999.999.003" provider-name="[COLOR red]F[COLOR white]T[COLOR blue]G[/COLOR]">
  <requires>
    <import addon="xbmc.python" version="2.1.0"/>
  </requires>
  <extension point="xbmc.python.pluginsource" library="pair.py">
        <provides>all</provides>
  </extension>
  <extension point="xbmc.addon.metadata">
    <platform>all</platform>
    <summary lang="en">Small Script for Getting Real-Debrid</summary>
    <description lang="en">The author is not responsible for the use of this addon. The author is not responsible for the content found using this addon. The author does not host or own any content found within this addon.</description>
    <disclaimer lang="en">-</disclaimer>
    <language></language>
    <platform>all</platform>
    <license>GNU GENERAL PUBLIC LICENSE. Version 2, June 1991</license>
  </extension>
</addon>
