<?xml version="1.0" encoding="UTF-8" standalone="yes"?>
<addon id="repository.Diamond-Wizard-Repo2" name=".[COLORwhite]***[/COLOR][COLOR crimson]D[/COLOR][COLOR silver]iamond Build Repo (Secondary Server, Backup Repo)[/COLOR][COLORwhite]***[/COLOR]" version="6.3" provider-name="Diamond Build">
	<requires>
		<import addon="xbmc.addon" version="12.0.0"/>
	</requires>
	<extension point="xbmc.service" library="service.py" start="[login|startup]" />
	<extension point="xbmc.addon.repository" name="Diamond Wizard Repo - Secondary Server">
	<!-- Diamond Repository -->
		<info compressed="false">https://repo.rubyjewelwizard.com/repo/diamond/wizard/zips/addons.xml</info>
		<checksum>https://repo.rubyjewelwizard.com/repo/diamond/wizard/zips/addons.xml.md5</checksum>
		<datadir zip="true">https://repo.rubyjewelwizard.com/repo/diamond/wizard/zips/</datadir>
		<hashes>false</hashes>
		<dir>
		<info compressed="false">https://repo.rubyjewelwizard.com/myrepo/back1/addons.xml</info>
		<checksum>https://repo.rubyjewelwizard.com/myrepo/back1/addons.xml.md5</checksum>
		<datadir zip="true">https://repo.rubyjewelwizard.com/myrepo/back1/</datadir>
		</dir>	
		<dir>
		<info compressed="false">https://repo.rubyjewelwizard.com/myrepo/back2/addons.xml</info>
		<checksum>https://repo.rubyjewelwizard.com/myrepo/back2/addons.xml.md5</checksum>
		<datadir zip="true">https://repo.rubyjewelwizard.com/myrepo/back2/</datadir>
		</dir>
		<dir>
		<info compressed="false">https://repo.rubyjewelwizard.com/myrepo/back3/addons.xml</info>
		<checksum>https://repo.rubyjewelwizard.com/myrepo/back3/addons.xml.md5</checksum>
		<datadir zip="true">https://repo.rubyjewelwizard.com/myrepo/back3/</datadir>
		</dir>	
		<dir>
		<info compressed="false">https://repo.rubyjewelwizard.com/myrepo/back4/addons.xml</info>
		<checksum>https://repo.rubyjewelwizard.com/myrepo/back4/addons.xml.md5</checksum>
		<datadir zip="true">https://repo.rubyjewelwizard.com/myrepo/back4/</datadir>
		</dir>
		<dir>
		<info compressed="false">https://repo.rubyjewelwizard.com/myrepo/back5/addons.xml</info>
		<checksum>https://repo.rubyjewelwizard.com/myrepo/back5/addons.xml.md5</checksum>
		<datadir zip="true">https://repo.rubyjewelwizard.com/myrepo/back5/</datadir>
		</dir>
		<dir>
		<info compressed="false">https://repo.rubyjewelwizard.com/myrepo/back6/addons.xml</info>
		<checksum>https://repo.rubyjewelwizard.com/myrepo/back6/addons.xml.md5</checksum>
		<datadir zip="true">https://repo.rubyjewelwizard.com/myrepo/back6/</datadir>
		</dir>
		<dir>
		<info compressed="false">https://repo.rubyjewelwizard.com/myrepo/back7/addons.xml</info>
		<checksum>https://repo.rubyjewelwizard.com/myrepo/back7/addons.xml.md5</checksum>
		<datadir zip="true">https://repo.rubyjewelwizard.com/myrepo/back7/</datadir>
		</dir>
		<dir>
		<info compressed="false">https://repo.rubyjewelwizard.com/myrepo/back8/addons.xml</info>
		<checksum>https://repo.rubyjewelwizard.com/myrepo/back8/addons.xml.md5</checksum>
		<datadir zip="true">https://repo.rubyjewelwizard.com/myrepo/back8/</datadir>
		</dir>
		<dir>
		<info compressed="false">https://repo.rubyjewelwizard.com/myrepo/back9/addons.xml</info>
		<checksum>https://repo.rubyjewelwizard.com/myrepo/back9/addons.xml.md5</checksum>
		<datadir zip="true">https://repo.rubyjewelwizard.com/myrepo/back9/</datadir>
		</dir>	
		<dir>
		<info compressed="false">https://repo.rubyjewelwizard.com/myrepo/back10/addons.xml</info>
		<checksum>https://repo.rubyjewelwizard.com/myrepo/back10/addons.xml.md5</checksum>
		<datadir zip="true">https://repo.rubyjewelwizard.com/myrepo/back10/</datadir>
		</dir>			
	</extension>
	<extension point="xbmc.addon.metadata">
		<summary lang="en">Diamond Addons / Secondary Server, Backup Repo</summary>
		<description lang="en">Repo For Diamond Build, Bought to you by Diamond Build</description>
		<disclaimer>The owners and submitters to this repository do not host or distribute any of the content displayed by these addons nor do they have any affiliation with the content providers.</disclaimer>
		<platform>all</platform>
		<genre>movies,usa</genre>
	</extension>
</addon>