<?xml version="1.0" encoding="UTF-8" standalone="yes"?>
<addon id="plugin.video.pantypirates" name="[COLOR aqua][B]Panty Pirates[/COLOR] [COLORlime](Should Work In UK)[/COLOR][/B] [COLOR gold](Real-Debrid Only)[/COLOR]" version="1.2" provider-name="SomeBody">
  <requires>
    <import addon="xbmc.python" version="2.1.0"/>
	<import addon="script.module.requests" />
	<import addon="script.video.F4mProxy" />
	<import addon="script.module.resolveurl" version="2.2.0"/>
    <import addon="script.module.moss"/>
	<import addon="script.module.beautifulsoup4" />
  </requires>
  <extension point="xbmc.python.pluginsource" library="default.py">
        <provides>video</provides>
  </extension>
  <extension point="xbmc.addon.metadata">
    <summary lang="en">Panty Pirates - Adult Videos - Powered by Real-Debrid.</summary>
    <description lang="en">Panty Pirates - Adult Videos - Powered by Real-Debrid.</description>
	<disclaimer lang="en">The author is not responsible for the use of this addon. The author is not responsible for the content found using this addon. The author does not host or own any content found within this addon.[CR]The author is in no way affiliated with Kodi, Team Kodi, or the XBMC Foundation.[CR]This is a Non-profit resource, organized solely for educational purposes which is protected under the Fair-Use doctrine of the Copyright Act, Specifically section 107, which does promote freedom of expression, by permitting the unlicensed use of copyright-protected works.</disclaimer>
    <platform>all</platform>
  </extension>
</addon>
