<xml>

<item>
<title>==[COLORdarkorange] ==================== [/COLOR]==</title>
</item>

<item>
<title>[COLORdarkorange]Yes Add-On Optimized for Movies, Plese Use[/COLOR]</title>
</item>

<item>
<title>[COLORdarkorange]Common sense not all movies are going to play.[/COLOR]</title>
</item>

<item>
<title>==[COLORdarkorange] ==================== [/COLOR]==</title>
</item>

<dir><title>[COLOR white]Movie Year 2020[/COLOR] [COLORyellow]Movies are still too new[/COLOR]</title><imdburl>https://www.imdb.com/search/title?title_type=feature&release_date=2020-01-01,2020-03-12&groups=now-playing-us&languages=en&sort=alpha,asc&count=50</imdburl></dir>
<dir><title>[COLOR white]Movie Year 2019[/COLOR]</title><imdburl>years/2019</imdburl></dir>
<dir><title>[COLOR white]Movie Year 2018[/COLOR]</title><imdburl>years/2018</imdburl></dir>
<dir><title>[COLOR white]Movie Year 2017[/COLOR]</title><imdburl>years/2017</imdburl></dir>
<dir><title>[COLOR white]Movie Year 2016[/COLOR]</title><imdburl>years/2016</imdburl></dir>
<dir><title>[COLOR white]Movie Year 2015[/COLOR]</title><imdburl>years/2015</imdburl></dir>
<dir><title>[COLOR white]Movie Year 2014[/COLOR]</title><imdburl>years/2014</imdburl></dir>
<dir><title>[COLOR white]Movie Year 2013[/COLOR]</title><imdburl>years/2013</imdburl></dir>
<dir><title>[COLOR white]Movie Year 2012[/COLOR]</title><imdburl>years/2012</imdburl></dir>
<dir><title>[COLOR white]Movie Year 2011[/COLOR]</title><imdburl>years/2011</imdburl></dir>
<dir><title>[COLOR white]Movie Year 2010[/COLOR]</title><imdburl>years/2010</imdburl></dir>
<dir><title>[COLOR white]Movie Year 2009[/COLOR]</title><imdburl>years/2009</imdburl></dir>
<dir><title>[COLOR white]Movie Year 2008[/COLOR]</title><imdburl>years/2008</imdburl></dir>
<dir><title>[COLOR white]Movie Year 2007[/COLOR]</title><imdburl>years/2007</imdburl></dir>
<dir><title>[COLOR white]Movie Year 2006[/COLOR]</title><imdburl>years/2006</imdburl></dir>
<dir><title>[COLOR white]Movie Year 2005[/COLOR]</title><imdburl>years/2005</imdburl></dir>
<dir><title>[COLOR white]Movie Year 2004[/COLOR]</title><imdburl>years/2004</imdburl></dir>
<dir><title>[COLOR white]Movie Year 2003[/COLOR]</title><imdburl>years/2003</imdburl></dir>
<dir><title>[COLOR white]Movie Year 2002[/COLOR]</title><imdburl>years/2002</imdburl></dir>
<dir><title>[COLOR white]Movie Year 2001[/COLOR]</title><imdburl>years/2001</imdburl></dir>
<dir><title>[COLOR white]Movie Year 2000[/COLOR]</title><imdburl>years/2000</imdburl></dir>

<item>
<title>==[COLORdarkorange] ==================== [/COLOR]==</title>
</item>

</xml>