->

<dir><title>[COLOR white]2019[/COLOR]</title><imdburl>years/2019</imdburl></dir>
<dir><title>[COLOR white]2018[/COLOR]</title><imdburl>years/2018</imdburl></dir>
<dir><title>[COLOR white]2017[/COLOR]</title><imdburl>years/2017</imdburl></dir>
<dir><title>[COLOR white]2016[/COLOR]</title><imdburl>years/2016</imdburl></dir>
<dir><title>[COLOR white]2015[/COLOR]</title><imdburl>years/2015</imdburl></dir>
<dir><title>[COLOR white]2014[/COLOR]</title><imdburl>years/2014</imdburl></dir>
<dir><title>[COLOR white]2013[/COLOR]</title><imdburl>years/2013</imdburl></dir>
<dir><title>[COLOR white]2012[/COLOR]</title><imdburl>years/2012</imdburl></dir>
<dir><title>[COLOR white]2011[/COLOR]</title><imdburl>years/2011</imdburl></dir>
<dir><title>[COLOR white]2010[/COLOR]</title><imdburl>years/2010</imdburl></dir>
<dir><title>[COLOR white]2009[/COLOR]</title><imdburl>years/2009</imdburl></dir>
<dir><title>[COLOR white]2008[/COLOR]</title><imdburl>years/2008</imdburl></dir>
<dir><title>[COLOR white]2007[/COLOR]</title><imdburl>years/2007</imdburl></dir>
<dir><title>[COLOR white]2006[/COLOR]</title><imdburl>years/2006</imdburl></dir>
<dir><title>[COLOR white]2005[/COLOR]</title><imdburl>years/2005</imdburl></dir>
<dir><title>[COLOR white]2004[/COLOR]</title><imdburl>years/2004</imdburl></dir>
<dir><title>[COLOR white]2003[/COLOR]</title><imdburl>years/2003</imdburl></dir>
<dir><title>[COLOR white]2002[/COLOR]</title><imdburl>years/2002</imdburl></dir>
<dir><title>[COLOR white]2001[/COLOR]</title><imdburl>years/2001</imdburl></dir>
<dir><title>[COLOR white]2000[/COLOR]</title><imdburl>years/2000</imdburl></dir>
<dir><title>[COLOR white]1999[/COLOR]</title><imdburl>years/1999</imdburl></dir>
<dir><title>[COLOR white]1998[/COLOR]</title><imdburl>years/1998</imdburl></dir>
<dir><title>[COLOR white]1997[/COLOR]</title><imdburl>years/1997</imdburl></dir>
<dir><title>[COLOR white]1996[/COLOR]</title><imdburl>years/1996</imdburl></dir>
<dir><title>[COLOR white]1995[/COLOR]</title><imdburl>years/1995</imdburl></dir>
<dir><title>[COLOR white]1994[/COLOR]</title><imdburl>years/1994</imdburl></dir>
<dir><title>[COLOR white]1993[/COLOR]</title><imdburl>years/1993</imdburl></dir>
<dir><title>[COLOR white]1992[/COLOR]</title><imdburl>years/1992</imdburl></dir>
<dir><title>[COLOR white]1991[/COLOR]</title><imdburl>years/1991</imdburl></dir>
<dir><title>[COLOR white]1990[/COLOR]</title><imdburl>years/1990</imdburl></dir>
<dir><title>[COLOR white]1989[/COLOR]</title><imdburl>years/1989</imdburl></dir>
<dir><title>[COLOR white]1988[/COLOR]</title><imdburl>years/1988</imdburl></dir>
<dir><title>[COLOR white]1987[/COLOR]</title><imdburl>years/1987</imdburl></dir>
<dir><title>[COLOR white]1986[/COLOR]</title><imdburl>years/1986</imdburl></dir>
<dir><title>[COLOR white]1985[/COLOR]</title><imdburl>years/1985</imdburl></dir>
<dir><title>[COLOR white]1984[/COLOR]</title><imdburl>years/1984</imdburl></dir>
<dir><title>[COLOR white]1983[/COLOR]</title><imdburl>years/1983</imdburl></dir>
<dir><title>[COLOR white]1982[/COLOR]</title><imdburl>years/1982</imdburl></dir>
<dir><title>[COLOR white]1981[/COLOR]</title><imdburl>years/1981</imdburl></dir>
<dir><title>[COLOR white]1980[/COLOR]</title><imdburl>years/1980</imdburl></dir>
<dir><title>[COLOR white]1979[/COLOR]</title><imdburl>years/1979</imdburl></dir>
<dir><title>[COLOR white]1978[/COLOR]</title><imdburl>years/1978</imdburl></dir>
<dir><title>[COLOR white]1977[/COLOR]</title><imdburl>years/1977</imdburl></dir>
<dir><title>[COLOR white]1976[/COLOR]</title><imdburl>years/1976</imdburl></dir>
<dir><title>[COLOR white]1975[/COLOR]</title><imdburl>years/1975</imdburl></dir>
<dir><title>[COLOR white]1974[/COLOR]</title><imdburl>years/1974</imdburl></dir>
<dir><title>[COLOR white]1973[/COLOR]</title><imdburl>years/1973</imdburl></dir>
<dir><title>[COLOR white]1972[/COLOR]</title><imdburl>years/1972</imdburl></dir>
<dir><title>[COLOR white]1971[/COLOR]</title><imdburl>years/1971</imdburl></dir>
<dir><title>[COLOR white]1970[/COLOR]</title><imdburl>years/1970</imdburl></dir>
<dir><title>[COLOR white]1969[/COLOR]</title><imdburl>years/1969</imdburl></dir>
<dir><title>[COLOR white]1968[/COLOR]</title><imdburl>years/1968</imdburl></dir>
<dir><title>[COLOR white]1967[/COLOR]</title><imdburl>years/1967</imdburl></dir>
<dir><title>[COLOR white]1966[/COLOR]</title><imdburl>years/1966</imdburl></dir>
<dir><title>[COLOR white]1965[/COLOR]</title><imdburl>years/1965</imdburl></dir>
<dir><title>[COLOR white]1964[/COLOR]</title><imdburl>years/1964</imdburl></dir>
<dir><title>[COLOR white]1963[/COLOR]</title><imdburl>years/1963</imdburl></dir>
<dir><title>[COLOR white]1962[/COLOR]</title><imdburl>years/1962</imdburl></dir>
<dir><title>[COLOR white]1961[/COLOR]</title><imdburl>years/1961</imdburl></dir>
<dir><title>[COLOR white]1960[/COLOR]</title><imdburl>years/1960</imdburl></dir>
<dir><title>[COLOR white]1959[/COLOR]</title><imdburl>years/1959</imdburl></dir>
<dir><title>[COLOR white]1958[/COLOR]</title><imdburl>years/1958</imdburl></dir>
<dir><title>[COLOR white]1957[/COLOR]</title><imdburl>years/1957</imdburl></dir>
<dir><title>[COLOR white]1956[/COLOR]</title><imdburl>years/1956</imdburl></dir>
<dir><title>[COLOR white]1955[/COLOR]</title><imdburl>years/1955</imdburl></dir>
<dir><title>[COLOR white]1954[/COLOR]</title><imdburl>years/1954</imdburl></dir>
<dir><title>[COLOR white]1953[/COLOR]</title><imdburl>years/1953</imdburl></dir>
<dir><title>[COLOR white]1952[/COLOR]</title><imdburl>years/1952</imdburl></dir>
<dir><title>[COLOR white]1951[/COLOR]</title><imdburl>years/1951</imdburl></dir>
<dir><title>[COLOR white]1950[/COLOR]</title><imdburl>years/1950</imdburl></dir>
<dir><title>[COLOR white]1949[/COLOR]</title><imdburl>years/1949</imdburl></dir>
<dir><title>[COLOR white]1948[/COLOR]</title><imdburl>years/1948</imdburl></dir>
<dir><title>[COLOR white]1947[/COLOR]</title><imdburl>years/1947</imdburl></dir>
<dir><title>[COLOR white]1946[/COLOR]</title><imdburl>years/1946</imdburl></dir>
<dir><title>[COLOR white]1945[/COLOR]</title><imdburl>years/1945</imdburl></dir>
<dir><title>[COLOR white]1944[/COLOR]</title><imdburl>years/1944</imdburl></dir>
<dir><title>[COLOR white]1943[/COLOR]</title><imdburl>years/1943</imdburl></dir>
<dir><title>[COLOR white]1942[/COLOR]</title><imdburl>years/1942</imdburl></dir>
<dir><title>[COLOR white]1941[/COLOR]</title><imdburl>years/1941</imdburl></dir>
<dir><title>[COLOR white]1940[/COLOR]</title><imdburl>years/1940</imdburl></dir>
<dir><title>[COLOR white]1939[/COLOR]</title><imdburl>years/1939</imdburl></dir>
<dir><title>[COLOR white]1938[/COLOR]</title><imdburl>years/1938</imdburl></dir>
<dir><title>[COLOR white]1937[/COLOR]</title><imdburl>years/1937</imdburl></dir>
<dir><title>[COLOR white]1936[/COLOR]</title><imdburl>years/1936</imdburl></dir>
<dir><title>[COLOR white]1935[/COLOR]</title><imdburl>years/1935</imdburl></dir>
<dir><title>[COLOR white]1934[/COLOR]</title><imdburl>years/1934</imdburl></dir>
<dir><title>[COLOR white]1933[/COLOR]</title><imdburl>years/1933</imdburl></dir>
<dir><title>[COLOR white]1932[/COLOR]</title><imdburl>years/1932</imdburl></dir>
<dir><title>[COLOR white]1931[/COLOR]</title><imdburl>years/1931</imdburl></dir>
<dir><title>[COLOR white]1930[/COLOR]</title><imdburl>years/1930</imdburl></dir>
<dir><title>[COLOR white]1929[/COLOR]</title><imdburl>years/1929</imdburl></dir>
<dir><title>[COLOR white]1928[/COLOR]</title><imdburl>years/1928</imdburl></dir>
<dir><title>[COLOR white]1927[/COLOR]</title><imdburl>years/1927</imdburl></dir>
<dir><title>[COLOR white]1926[/COLOR]</title><imdburl>years/1926</imdburl></dir>
<dir><title>[COLOR white]1925[/COLOR]</title><imdburl>years/1925</imdburl></dir>
<dir><title>[COLOR white]1924[/COLOR]</title><imdburl>years/1924</imdburl></dir>
<dir><title>[COLOR white]1923[/COLOR]</title><imdburl>years/1923</imdburl></dir>
<dir><title>[COLOR white]1922[/COLOR]</title><imdburl>years/1922</imdburl></dir>
<dir><title>[COLOR white]1921[/COLOR]</title><imdburl>years/1921</imdburl></dir>
<dir><title>[COLOR white]1920[/COLOR]</title><imdburl>years/1920</imdburl></dir>
<dir><title>[COLOR white]1919[/COLOR]</title><imdburl>years/1919</imdburl></dir>
<dir><title>[COLOR white]1918[/COLOR]</title><imdburl>years/1918</imdburl></dir>
<dir><title>[COLOR white]1917[/COLOR]</title><imdburl>years/1917</imdburl></dir>
<dir><title>[COLOR white]1916[/COLOR]</title><imdburl>years/1916</imdburl></dir>
<dir><title>[COLOR white]1915[/COLOR]</title><imdburl>years/1915</imdburl></dir>
<dir><title>[COLOR white]1914[/COLOR]</title><imdburl>years/1914</imdburl></dir>
<dir><title>[COLOR white]1913[/COLOR]</title><imdburl>years/1913</imdburl></dir>
<dir><title>[COLOR white]1912[/COLOR]</title><imdburl>years/1912</imdburl></dir>
<dir><title>[COLOR white]1911[/COLOR]</title><imdburl>years/1911</imdburl></dir>
<dir><title>[COLOR white]1910[/COLOR]</title><imdburl>years/1910</imdburl></dir>
<dir><title>[COLOR white]1909[/COLOR]</title><imdburl>years/1909</imdburl></dir>
<dir><title>[COLOR white]1908[/COLOR]</title><imdburl>years/1908</imdburl></dir>
<dir><title>[COLOR white]1907[/COLOR]</title><imdburl>years/1907</imdburl></dir>
<dir><title>[COLOR white]1906[/COLOR]</title><imdburl>years/1906</imdburl></dir>
<dir><title>[COLOR white]1905[/COLOR]</title><imdburl>years/1905</imdburl></dir>
<dir><title>[COLOR white]1904[/COLOR]</title><imdburl>years/1904</imdburl></dir>
<dir><title>[COLOR white]1903[/COLOR]</title><imdburl>years/1903</imdburl></dir>
<dir><title>[COLOR white]1902[/COLOR]</title><imdburl>years/1902</imdburl></dir>
<dir><title>[COLOR white]1901[/COLOR]</title><imdburl>years/1901</imdburl></dir>
<dir><title>[COLOR white]1900[/COLOR]</title><imdburl>years/1900</imdburl></dir>