<?xml version="1.0" encoding="UTF-8" standalone="yes"?>
<addon id="repository.Diamond-Superfavs-Repo" name="[COLOR crimson]D[COLOR silver]iamond Super Favourites Repo[/COLOR][/COLOR] - Warning this will overwrite your super favorites" version="1.6" provider-name="Diamond Build">
<extension point="xbmc.addon.repository" name="Diamond Wizard Repo">
<dir>
<info compressed="false">https://raw.githubusercontent.com/bobbybark/diamond-superfav-repo/master/addons.xml</info>
<checksum>https://raw.githubusercontent.com/bobbybark/diamond-superfav-repo/master/addons.xml.md5</checksum>
<datadir zip="true">https://raw.githubusercontent.com/bobbybark/diamond-superfav-repo/master/</datadir>
</dir>
</extension>
<extension point="xbmc.addon.metadata">
<summary lang="en">Diamond Server Favs Repo</summary>
<description lang="en">Super Favs Repo For Diamond Build, Bought to you by Diamond Build - Warning this will overwrite your super favorites</description>
<disclaimer>The owners and submitters to this repository do not host or distribute any of the content displayed by these addons nor do they have any affiliation with the content providers.</disclaimer>
<platform>all</platform>
</extension>
</addon>
