<plugin>
<name>PAC-12 SPORTS</name>
<link>http://wolfpackcrew.co.uk/seeddata/specialist/addon/music/Pac12%20Direct%20links.M3U</link>
<thumbnail>http://blogs.mercurynews.com/collegesports/files/2016/06/pac12network.png</thumbnail>
<fanart>https://pmcvariety.files.wordpress.com/2013/09/pac-12-networks-logo.jpg?w=640&h=360&crop=1</fanart>
</plugin>


<plugin>
<name>TV One 1</name>
<link>plugin://plugin.video.youtube/kodion/search/query/?q=kungfu%20movies&amp;search_type=playlist",return)</link>
</plugin>

<plugin>
<name>TV One 1</name>
<link>plugin://plugin.video.youtube/kodion/search/query/?q=martial%20arts%20movies&amp;search_type=playlist",return)</link>
</plugin>

<plugin>
<name>TV One 1</name>
<link>plugin://plugin.video.youtube/kodion/search/query/?q=urban%20black%20movies&amp;search_type=playlist",return)</link>
</plugin>

<plugin>
<name>TV One 1</name>
<link>plugin://plugin.video.youtube/kodion/search/query/?q=classic%20black%20movies&amp;search_type=playlist",return)</link>
</plugin>

<plugin>
<name>TV One 1</name>
<link>plugin://plugin.video.youtube/kodion/search/query/?q=black%20movies&amp;search_type=playlist",return)</link>
</plugin>

<plugin>
<name>[COLOR aqua]Gangster Movies[/COLOR]</name>
<link>plugin://plugin.video.youtube/kodion/search/query/?q=urban%20movies&amp;search_type=playlist",return)</link>
<thumbnail></thumbnail>
<fanart>http://wallpapercave.com/wp/56eWBdS.jpg</fanart>
</plugin>

<plugin>
<name>[COLOR aqua]Classic Gangster Movies[/COLOR]</name>
<link>plugin://plugin.video.youtube/kodion/search/query/?q=classic%20urban%20movies&amp;search_type=playlist",return)</link>
<thumbnail></thumbnail>
<fanart>http://wallpapercave.com/wp/56eWBdS.jpg</fanart>
</plugin>

<plugin>
<name>[COLOR aqua]Hall Mark Movies[/COLOR]</name>
<link>plugin://plugin.video.youtube/kodion/search/query/?q=maverickent%20movies&amp;search_type=playlist",return)</link>
<thumbnail></thumbnail>
<fanart>http://wallpapercave.com/wp/56eWBdS.jpg</fanart>
</plugin>