<?xml version="1.0" encoding="UTF-8" standalone="yes"?>
<addon id="plugin.program.diamondwizard" name="[COLOR yellow]DIA[/COLOR][COLOR blue]MOND[/COLOR][COLOR red] BUILD [/COLOR][COLOR goldenrod]WIZARD[/COLOR] [COLOR yellow](New)[/COLOR]" version="4.42" provider-name="SomeBody">
  <requires>
    <import addon="xbmc.python" version="2.1.0"/>
  </requires>
  <extension point="xbmc.python.pluginsource" library="default.py">
        <provides>executable</provides>
  </extension>
  <extension point="xbmc.service" library="startup.py" start="startup" />
  <extension point="xbmc.addon.metadata">
    <summary lang="en">Diamond Wizard (New)</summary>
    <description lang="en">Diamond Wizard allows you to get access to the latest Diamond Custom Builds.</description>
    <platform>all</platform>
  </extension>
</addon>