
<item>
<name>Lucy in the Sky (2019)</name>
<link>
<sublink>magnet:?xt=urn:btih:5c3314f7852e0dd7d70dacb4b8b30c7cc4ee4f31&dn=Lucy.In.The.Sky.2019.720p.WEBRip.900MB.x264-GalaxyRG&tr=udp%3A%2F%2Ftracker.leechers-paradise.org%3A6969&tr=udp%3A%2F%2Ftracker.openbittorrent.com%3A80&tr=udp%3A%2F%2Fopen.demonii.com%3A1337&tr=udp%3A%2F%2Ftracker.coppersurfer.tk%3A6969&tr=udp%3A%2F%2Fexodus.desync.com%3A6969(720P)</sublink>
<sublink>magnet:?xt=urn:btih:4b943c10ef0f6494767798e7daa3f99c3acae264&dn=Lucy.In.The.Sky.2019.1080p.WEB-DL.H264.AC3-EVO%5BEtHD%5D&tr=udp%3A%2F%2Ftracker.leechers-paradise.org%3A6969&tr=udp%3A%2F%2Ftracker.openbittorrent.com%3A80&tr=udp%3A%2F%2Fopen.demonii.com%3A1337&tr=udp%3A%2F%2Ftracker.coppersurfer.tk%3A6969&tr=udp%3A%2F%2Fexodus.desync.com%3A6969(1080P)</sublink>
</link>
<thumbnail>https://image.tmdb.org/t/p/w185_and_h278_bestv2/mZf8rjTTV5XrFlDCHDjB1ggZ66n.jpg</thumbnail>
</item>

<item>
<name>Zombieland: Double Tap (2019)</name>
<link>
<sublink>magnet:?xt=urn:btih:446b5ba4ed80d610b31a67b1712f96ac7fcd62f1&dn=Zombieland.Double.Tap.2019.HC.720p.HDRip.800MB.x264-GalaxyRG&tr=udp%3A%2F%2Ftracker.leechers-paradise.org%3A6969&tr=udp%3A%2F%2Ftracker.openbittorrent.com%3A80&tr=udp%3A%2F%2Fopen.demonii.com%3A1337&tr=udp%3A%2F%2Ftracker.coppersurfer.tk%3A6969&tr=udp%3A%2F%2Fexodus.desync.com%3A6969(720P)</sublink>
<sublink>magnet:?xt=urn:btih:5e29b4290b768de52291fb2c94b099ff26e41c86&dn=Zombieland.Double.Tap.2019.1080p.HDRip.HC.AC3.x264-CMRG%5BTGx%5D&tr=udp%3A%2F%2Ftracker.leechers-paradise.org%3A6969&tr=udp%3A%2F%2Ftracker.openbittorrent.com%3A80&tr=udp%3A%2F%2Fopen.demonii.com%3A1337&tr=udp%3A%2F%2Ftracker.coppersurfer.tk%3A6969&tr=udp%3A%2F%2Fexodus.desync.com%3A6969(1080P)</sublink>
</link>
<thumbnail>https://image.tmdb.org/t/p/w185_and_h278_bestv2/pIcV8XXIIvJCbtPoxF9qHMKdRr2.jpg</thumbnail>
</item>

<item>
<name>Ma</name>
<link>
<sublink>magnet:?xt=urn:btih:A8271C6ACAB6919D845A86703636CF921B205DF5&amp;dn=Ma+%282019%29+%5B720p%5D+%5BYTS.LT%5D&amp;tr=udp%3A%2F%2Fglotorrents.pw%3A6969%2Fannounce&amp;tr=udp%3A%2F%2Ftracker.openbittorrent.com%3A80&amp;tr=udp%3A%2F%2Ftracker.coppersurfer.tk%3A6969&amp;tr=udp%3A%2F%2Fp4p.arenabg.ch%3A1337&amp;tr=udp%3A%2F%2Ftracker.internetwarriors.net%3A1337(720P)</sublink>
<sublink>magnet:?xt=urn:btih:96B17C7AF417F7465FE83AE8AE4FCC0457661915&amp;dn=Ma+%282019%29+%5B1080p%5D+%5BYTS.LT%5D&amp;tr=udp%3A%2F%2Fglotorrents.pw%3A6969%2Fannounce&amp;tr=udp%3A%2F%2Ftracker.openbittorrent.com%3A80&amp;tr=udp%3A%2F%2Ftracker.coppersurfer.tk%3A6969&amp;tr=udp%3A%2F%2Fp4p.arenabg.ch%3A1337&amp;tr=udp%3A%2F%2Ftracker.internetwarriors.net%3A1337(1080P)</sublink>
</link>
<thumbnail>https://img.yts.lt/assets/images/movies/ma_2019/medium-cover.jpg</thumbnail>
</item>

<item>
<name>In the Tall Grass</name>
<link>
<sublink>magnet:?xt=urn:btih:D0EE703810401A72D04E586C3FAACFD61B487665&amp;dn=In+the+Tall+Grass+%282019%29+%5B720p%5D+%5BYTS.LT%5D&amp;tr=udp%3A%2F%2Fglotorrents.pw%3A6969%2Fannounce&amp;tr=udp%3A%2F%2Ftracker.openbittorrent.com%3A80&amp;tr=udp%3A%2F%2Ftracker.coppersurfer.tk%3A6969&amp;tr=udp%3A%2F%2Fp4p.arenabg.ch%3A1337&amp;tr=udp%3A%2F%2Ftracker.internetwarriors.net%3A1337(720P)</sublink>
<sublink>magnet:?xt=urn:btih:0E947C321DAAF0F25A86929EC7933B1ED6502817&amp;dn=In+the+Tall+Grass+%282019%29+%5B1080p%5D+%5BYTS.LT%5D&amp;tr=udp%3A%2F%2Fglotorrents.pw%3A6969%2Fannounce&amp;tr=udp%3A%2F%2Ftracker.openbittorrent.com%3A80&amp;tr=udp%3A%2F%2Ftracker.coppersurfer.tk%3A6969&amp;tr=udp%3A%2F%2Fp4p.arenabg.ch%3A1337&amp;tr=udp%3A%2F%2Ftracker.internetwarriors.net%3A1337(1080P)</sublink>
</link>
<thumbnail>https://img.yts.lt/assets/images/movies/in_the_tall_grass_2019/medium-cover.jpg</thumbnail>
</item>

<item>
<name>Girl on the Third Floor</name>
<link>
<sublink>magnet:?xt=urn:btih:06AFF4E465DD0D3741A9ED53E47AE989DA20AA17&amp;dn=Girl+on+the+Third+Floor+%282019%29+%5B720p%5D+%5BYTS.LT%5D&amp;tr=udp%3A%2F%2Fglotorrents.pw%3A6969%2Fannounce&amp;tr=udp%3A%2F%2Ftracker.openbittorrent.com%3A80&amp;tr=udp%3A%2F%2Ftracker.coppersurfer.tk%3A6969&amp;tr=udp%3A%2F%2Fp4p.arenabg.ch%3A1337&amp;tr=udp%3A%2F%2Ftracker.internetwarriors.net%3A1337(720P)</sublink>
<sublink>magnet:?xt=urn:btih:F26897EBE56396283C8B440F2851730F955404C4&amp;dn=Girl+on+the+Third+Floor+%282019%29+%5B1080p%5D+%5BYTS.LT%5D&amp;tr=udp%3A%2F%2Fglotorrents.pw%3A6969%2Fannounce&amp;tr=udp%3A%2F%2Ftracker.openbittorrent.com%3A80&amp;tr=udp%3A%2F%2Ftracker.coppersurfer.tk%3A6969&amp;tr=udp%3A%2F%2Fp4p.arenabg.ch%3A1337&amp;tr=udp%3A%2F%2Ftracker.internetwarriors.net%3A1337(1080P)</sublink>
</link>
<thumbnail>https://img.yts.lt/assets/images/movies/girl_on_the_third_floor_2019/medium-cover.jpg</thumbnail>
</item>

<item>
<name></name>
<link>
<sublink>(720P)</sublink>
<sublink>(1080P)</sublink>
</link>
<thumbnail></thumbnail>
</item>

<item>
<name></name>
<link>
<sublink>(720P)</sublink>
<sublink>(1080P)</sublink>
</link>
<thumbnail></thumbnail>
</item>
