<?xml version="1.0" encoding="UTF-8" standalone="yes"?>
<addon id="script.module.diamondcinema" name="Diamond Cinema Scrapers - 7of9 Module" version="1.5" Eprovider-name="Diamond Build">
  <requires>
	<import addon="script.module.requests" />
    <import addon="script.module.beautifulsoup4" />
	<import addon="script.video.F4mProxy" />
	<import addon="script.module.resolveurl" version="5.0.00"/>		
    <import addon="xbmc.python" version="2.19.0" />

  </requires>
  <extension point="xbmc.python.pluginsource" library="default.py">
        <provides>all</provides>
  </extension>
  <extension point="xbmc.addon.metadata">
    <summary lang="en">Diamond Cinema Dependency Addon</summary>
    <description lang="en">Diamond Cinema Dependency Addon</description>
	<disclaimer lang="en">Diamond Cinema Dependency Addon</disclaimer>
    <platform>all</platform>
  </extension>
</addon>
