<?xml version="1.0" encoding="UTF-8" standalone="yes"?>
<addon id="plugin.video.movietheaterbutter.auto" version="3.26" name="MTB's Greased Lightning - Fast AutoPlay" provider-name="MTB">
	<requires>
		<import addon="xbmc.python" version="2.19.0" />
		<import addon="script.module.movietheaterbutter.auto" />
		<import addon="script.movietheaterbutter.artwork" />
		<import addon="script.movietheaterbutter.metadata" />
		<import addon="script.module.resolveurl" />
		<import addon="script.module.requests" />
		<import addon="script.module.metahandler" />
		<import addon="plugin.video.youtube" />
	</requires>
	<extension point="xbmc.python.pluginsource" library="movietheaterbutter.py">
		<provides>video</provides>
	</extension>
    <extension point="xbmc.service" library="service.py" start="[login|startup]" />
	<extension point="xbmc.addon.metadata">
		<summary lang="en">MTB's Greased Lightning Could Not Be Possible Without Destiny, Atreides, Exodus, Exodus Redux, Placenta, Michaelmyers,  Resistance, Incursion or Yoda. Much Respect To The Devs That Came Before Us.</summary>
		<disclaimer lang="en">The authors of this addon do not host any of the content which is found and have no affiliation with any of the content providers. This addon simply searches websites for content. Use at your own risk!</disclaimer>
		<description lang="en">This addon does not form part of the Kodi Media Centre. Please do not seek assistance with this addon from any of the Official Kodi Support Channels.[CR][CR]The author does not host any of the content in this addon and takes no responsibility for content found.</description>
		<platform>all</platform>
		<license>GNU GENERAL PUBLIC LICENSE. Version 3, 29 June 2007</license>
		<assets>
			<icon>icon.png</icon>
			<fanart>fanart.jpg</fanart>
		</assets>
	</extension>
</addon>
