﻿<?xml version="1.0" encoding="UTF-8" standalone="yes"?>
<addon id="plugin.video.playrdsllink" name="[COLORyellow]JEN of DEBRID[/COLOR] + [COLOR grey][B]Real[COLOR blue]Debrid[/B][/COLOR]" version="3.0" provider-name="Diamond">
    <requires>
        <import addon="xbmc.python" version="2.19.0" />
        <import addon="script.module.universalscrapers" version="1.0.0" />
        <import addon="script.module.python.koding.aio" version="0.9.6.6" />
        <import addon="script.module.beautifulsoup" version="3.2.1" />
        <import addon="script.module.requests" version="2.9.1" />
        <import addon="script.module.addon.common" version="2.0.0" />
        <import addon="script.module.xmltodict" version="0.9.0" />
        <import addon="plugin.video.realdebird" version="1.0" />		
        <import addon="script.diamond.getrealdebrid" version="2.7" />		
        <!--<import addon="script.module.web-pdb" version="1.0"/>-->
        <import addon="script.module.resolveurl" />
    </requires>
    <extension point="xbmc.python.pluginsource" library="default.py">
        <provides>video</provides>
    </extension>
    <extension point="xbmc.service" library="service.py" start="[login|startup]" />
    <extension point="xbmc.addon.metadata">
<summary lang="en">[COLORyellow]JEN of DEBRID[/COLOR] + [COLOR grey][B]Real[COLOR blue]Debrid[/B][/COLOR]</summary>
<description lang="en">[COLORyellow]JEN of DEBRID[/COLOR] + [COLOR grey][B]Real[COLOR blue]Debrid[/B][/COLOR] - Change Setting If You Wish</description>
<disclaimer lang="en">
The author is not responsible for the use of this addon. The author is not responsible for the content found using this addon. The author does not host or own any content found within this addon.
The author is in no way affiliated with Kodi, Team Kodi, or the XBMC Foundation.
The Search process is the same as a search engine with no data actually hosted by the developer.
This is a Non-profit resource, organized solely for educational purposes which is protected under the Fair-Use doctrine of the Copyright Act, Specifically section 107, which does promote freedom of expression, by permitting the unlicensed use of copyright-protected works.
</disclaimer>
<platform>all</platform>
    <assets>
        <icon>icon.png</icon>
        <fanart>fanart.jpg</fanart>
    </assets>
</extension>
</addon>