<item>
<title>======[COLOR lime]Thank You and Enjoy Big Toons[/COLOR]======</title>
</item>

<item>
<title>====================================</title>
</item>

<item>
<title>===[COLOR red] Warning, Some content may not [/COLOR]===</title>
</item>

<item>
<title>===[COLOR red] be suitable for Young kids, [/COLOR]===</title>
</item>

<item>
<title>===[COLOR red] i can't control the content of media, [/COLOR]===</title>
</item>

<item>
<title>===[COLOR red] it's your job to be a parent. [/COLOR]===</title>
</item>

<item>
<title>====================================</title>
</item>

<dir>
<title>[COLOR white]AUTHORIZE REAL DEBRID [B](RESOLVE-URL)[/COLOR][/B]</title>
<link>plugin://script.module.resolveurl/?mode=auth_rd</link>
</dir>

<dir>
<title>[COLOR white]AUTHORIZE REAL DEBRID [B](URL-RESOLVER)[/COLOR][/B]</title>
<link>plugin://script.module.urlresolver/?mode=auth_rd</link>
</dir>

<dir>
<title>[COLORwhite]PAIR ONLINE HERE[/COLOR]</title>
<pairwith>pairlist</pairwith>
</dir>

<item>
<title>====================================</title>
</item>

<item>
<title>=======[COLOR lime]Anime / Animated / Cartoons[/COLOR]=======</title>
</item>

<dir>
<title>Cartoons - 1 Click</title>
<otb2_car>all</otb2_car>
</dir>

<dir>
<title>Big Toons - 1 Click</title>
<link>plugin://script.module.diamondcinema/?mode=51&url=http://www.toonget.net/cartoon</link>
</dir>

<dir>
<title>Big Anime - 1 Click</title>
<link>plugin://script.module.diamondcinema/?mode=51&url=http://www.toonget.net/dubbed-anime</link>
</dir>

<item>
<title>=======[COLOR lime]Kid Sefe Movies - "G" "PG-13" And "PG"[/COLOR]=======</title>
</item>

<dir>
<title>DC Comics - 1 Click</title>
<dccomics>all</dccomics>
</dir>

<item>
<title>=======[COLOR lime]Youtube[/COLOR]=======</title>
</item>

<dir>
<title>Youtube Kids TV Shows</title>
<link>http://7of9.m3u.xyz/jen/7of9-cached/youtubecinema/kidstube.php</link>
</dir>

<dir>
<name>Animation Movies</name>
<link>plugin://plugin.video.youtube/kodion/search/query/?q=animation%20movies&amp;search_type=video",return)</link>
<fanart>https://cdn.wallpapersafari.com/87/80/0MoAt3.jpg</fanart>
</dir>

<dir>
<name>Cartoons Movies</name>
<link>plugin://plugin.video.youtube/kodion/search/query/?q=cartoons%20movies&amp;search_type=video",return)</link>
<fanart>https://cdn.wallpapersafari.com/87/80/0MoAt3.jpg</fanart>
</dir>

<dir>
<name>Anime Movies</name>
<link>plugin://plugin.video.youtube/kodion/search/query/?q=anime%20movies&amp;search_type=video",return)</link>
<fanart>https://cdn.wallpapersafari.com/87/80/0MoAt3.jpg</fanart>
</dir>

<dir>
<name>Family Movies</name>
<link>plugin://plugin.video.youtube/kodion/search/query/?q=family%20movies&amp;search_type=video",return)</link>
</dir>

<item>
<title>=======[COLOR lime]IPTV[/COLOR]=======</title>
</item>

<dir>
<title>Kids IPTV 1</title>
<thumbnail></thumbnail>
<link>plugin://script.module.7of9-live/list_channels/7</link>
</dir>

<dir>
<title>Kids IPTV 2</title>
<link>plugin://plugin.video.live.streamspro/?url=http://7of9.m3u.xyz/iptv/db/fluxus-lodge-us-kids.m3u.php&mode=1</link>
<thumbnail></thumbnail>
<fanart></fanart>
</dir>

<item>
<title>=======[COLOR lime]Movies[/COLOR]=======</title>
</item>

<dir>
<title>Kids Corner</title>
<tmdb>keyword/movies/161155</tmdb>
</dir>

<dir>
<title>kids Movies Box Sets</title>
<link>http://7of9.m3u.xyz/jen/7of9-cached/movie.boxsets/movie-kids-collections.php</link>
</dir>

<dir>
<title>Animated Movies</title>
<tmdb>genre/movies/16</tmdb>
</dir>

<dir>
<title>Anime  Movies</title>
<tmdb>list/49200</tmdb>
</dir>

<dir>
<title>Disney</title>
<tmdb>list/49209</tmdb>
</dir>

<dir>
<title>Walt Disney Productions</title>
<tmdb>company/movies/3166</tmdb>
<thumbnail>https://orig00.deviantart.net/ea55/f/2015/238/d/c/walt_disney_productions_logo_by_jarvisrama99-d97b5gk.png</thumbnail>
</dir>

<dir>
<title>Walt Disney Production</title>
<tmdb>company/movies/6470</tmdb>
<thumbnail>https://therabbitfilm.files.wordpress.com/2012/07/walt-disney-logo-1024x575.jpg</thumbnail>
</dir>

<dir>
<title>Walt Disney Animation Studios</title>
<tmdb>company/movies/6125</tmdb>
<thumbnail>https://upload.wikimedia.org/wikipedia/en/thumb/c/c8/Walt_Disney_Animation_Studios_logo.svg/1280px-Walt_Disney_Animation_Studios_logo.svg.png</thumbnail>
</dir>

<dir>
<title>Dinosaur</title>
<tmdb>keyword/movies/12616</tmdb>
</dir>

<dir>
<title>DreamWorks Animation</title>
<tmdb>company/movies/521</tmdb>
<thumbnail>https://i.ytimg.com/vi/D8IflUD43mY/0.jpg</thumbnail>
</dir>

<dir>
<title>Lions Gate Family Entertainment</title>
<tmdb>company/movies/6574</tmdb>
<thumbnail>http://vignette2.wikia.nocookie.net/logopedia/images/2/2c/LGFHE_logo.jpg/revision/latest?cb\x3d20120120000427</thumbnail>
</dir>

<dir>
<title>Lucasfilm</title>
<tmdb>company/movies/1</tmdb>
<thumbnail>https://vignette.wikia.nocookie.net/filmguide/images/e/e8/Lucasfilm-logo.jpg/revision/latest?cb=20130526000714</thumbnail>
</dir>

<dir>
<title>Marvel Studios</title>
<tmdb>company/movies/420</tmdb>
<thumbnail>https://www.bleedingcool.com/wp-content/uploads/2017/05/marvelstudios-2016logo-600x300.jpg</thumbnail>
</dir>

<dir>
<title>Pixar Animation</title>
<tmdb>company/movies/3</tmdb>
<thumbnail>https://vignette.wikia.nocookie.net/pixar/images/d/d0/Pixarlogo.jpg/revision/latest?cb=20100712043022</thumbnail>
</dir>

<dir>
<title>Universal Cartoon Studios</title>
<tmdb>company/movies/4285</tmdb>
<thumbnail>http://vignette3.wikia.nocookie.net/logopedia/images/9/96/Universal_Cartoon_Studios.png/revision/latest?cb=20130617224758</thumbnail>
</dir>

<dir>
<title>Universal Animation Studios</title>
<tmdb>company/movies/5556</tmdb>
<thumbnail>https://upload.wikimedia.org/wikipedia/en/3/33/Universal_Animation_Studios.jpg</thumbnail>
</dir>

<dir>
<title>Warner Bros. Animation</title>
<tmdb>company/movies/2785</tmdb>
<thumbnail>https://vignette.wikia.nocookie.net/looneytunesshow/images/f/f3/Warner_Bros._Animation_Presents_%282011%29.png/revision/latest?cb=20110609165521</thumbnail>
</dir>

<dir>
<title>Marvel Movies</title>
<tmdb>list/49205</tmdb>
<summary>All Marvel Movies</summary>
</dir>

<dir>
<title>DC Comics - Movies</title>
<tmdb>list/49202</tmdb>
<summary>All DC Movies</summary>
</dir>

<item>
<title>=======[COLOR lime]TV[/COLOR]=======</title>
</item>

<dir>
<title>Anime TV Shows</title>
<tmdb>list/49201</tmdb>
</dir>

<dir>
<title>Discovery Kids</title>
<tmdb>network/shows/22</tmdb>
<thumbnail></thumbnail>
<fantart></fantart>
</dir>

<dir>
<title>Disney Channel</title>
<tmdb>network/shows/54</tmdb>
<thumbnail>https://lumiere-a.akamaihd.net/v1/images/eu_disneychannel_appi_app_r_dce2e8d0.jpeg?region=0,0,450,450</thumbnail>
<fantart></fantart>
</dir>

<dir>
<title>Disney XD</title>
<tmdb>network/shows/44</tmdb>
<thumbnail>https://www.whatutalkingboutwillis.com/wp-content/uploads/2014/07/disneyXD.jpg</thumbnail>
<fantart></fantart>
</dir>

<dir>
<title>Fox Kids</title>
<tmdb>network/shows/86</tmdb>
<thumbnail>https://upload.wikimedia.org/wikipedia/commons/thumb/f/fa/FOX_Kids_logo.svg/1200px-FOX_Kids_logo.svg.png</thumbnail>
<fantart></fantart>
</dir>

<dir>
<title>Nickelodeon</title>
<tmdb>network/shows/13</tmdb>
<thumbnail>https://sfassets-production.s3.amazonaws.com/media/slide/mobile/12285/Banner.NickelodeonRML.642x522.1.jpg</thumbnail>
<fantart></fantart>
</dir>

<dir>
<title>Nick Jr</title>
<tmdb>network/shows/35</tmdb>
<thumbnail></thumbnail>
<fantart></fantart>
</dir>

<dir>
<title>NickToons</title>
<tmdb>network/shows/224</tmdb>
<thumbnail></thumbnail>
<fantart></fantart>
</dir>

<dir>
<title>DC TV</title>
<link>http://7of9.m3u.xyz/jen/7of9-cached/tvshows/dc_tv.php</link>
</dir>

<dir>
<title>Marvel</title>
<link>http://7of9.m3u.xyz/jen/7of9-cached/tvshows/marvel_tv.php</link>
</dir>

<dir>
<title>Search Movies/ TV Shows/ People</title>
<tmdb>search</tmdb>
</dir>

<dir>
<title>Search Trakt</title>
<trakt>search</trakt>
</dir>

<plugin>
<title>Settings</title>
<meta>
<summary>Open the Settings for the addon on the Customization tab</summary>
</meta>
<mysettings>0/0</mysettings>
</plugin>

<item>
<title>====================================</title>
</item>

<item>
<title>===[COLOR red] Warning, Some content may not [/COLOR]===</title>
</item>

<item>
<title>===[COLOR red] be suitable for Young kids, [/COLOR]===</title>
</item>

<item>
<title>===[COLOR red] i can't control the content of media, [/COLOR]===</title>
</item>

<item>
<title>===[COLOR red] it's your job to be a parent. [/COLOR]===</title>
</item>

<item>
<title>====================================</title>
</item>
