<item>
<title>[COLOR gold]==================[/COLOR]</title>
</item>

<item>
<title>===[COLOR gold]Sports News and Documentaries[/COLOR]==</title>
</item>

<dir>
<title>[ CBS Sports ]</title>
<link>plugin://plugin.video.youtube/playlist/UUja8sZ2T4ylIqjggA1Zuukg/</link>
<thumbnail>https://i.ytimg.com/vi/Mj9CEAW82wE/hqdefault.jpg</thumbnail>
</dir>

<dir>
<title>[ ESPN - Sports News ]</title>
<link>http://7of9.m3u.xyz/jen/7of9-cached/sports/espn.php</link>
</dir>

<dir>
<title>[ Sports Documentaries ]</title>
<link>http://7of9.m3u.xyz/jen/7of9-cached/sports/sports.docs.php</link>
</dir>

<item>
<title>===[COLOR gold]Sports Channels[/COLOR]==</title>
</item>

<dir>
<title>[ Sports Channels By Country ]</title>
<Airtable>sports_channels</Airtable>
</dir>

<dir>
<title>[ Sport Channels (TV-TAP) ]</title>
<link>plugin://script.module.7of9-live/list_channels/5</link>
</dir>

<dir>
<title>[ Sport Channels (Swift Streamz) ]</title>
<thumbnail></thumbnail>
<link>plugin://script.module.7of9-swiftstreamz/list_channels/8</link>
</dir>

<dir>
<title>[ Sport Channels (World TV) ]</title>
<thumbnail></thumbnail>
<link>plugin://script.module.7of9-worldtv/list_channels/1</link>
</dir>

<item>
<title>===[COLOR gold]Live Sports Feeds[/COLOR]==</title>
</item>

    <dir>
            <title>[ Sports Streams Live Feeds ]</title>
            <meta>
                <title>Sports Streams Live Feeds</title>
                <summary>Live Feeds via the Sports Streams Plugin</summary>
            </meta>
            <sport_stream>games</sport_stream>
        </dir>

        <dir>
            <title>[ HesGoal Live Feeds ]</title>
            <meta>
                <title>HesGoal Live Feeds</title>
                <summary>Live Feeds via the HesGoal Plugin</summary>
            </meta>
            <hesgoal>games</hesgoal>
        </dir>

<item>
<title>===[COLOR gold]Sports Replays[/COLOR]==</title>
</item>

<dir>
    <title>[ All Sports Replays ]</title>
    <all_sports_replays>all</all_sports_replays>
    </dir> 
 
    <dir>
    <title>[ NFL Replays ]</title>
    <all_sports_replays>leagues/NFL/appSJCjNYAtA6KEfA</all_sports_replays>
    </dir> 

    <dir>
    <title>[ MLB Replays ]</title>
    <all_sports_replays>leagues/MLB/app8KZcIqmCP2GfTV</all_sports_replays>
    </dir>

    <dir>
    <title>[ Football Replays ]</title>
    <all_sports_replays>leagues/FOOTBALL/appGrvFmUpnlMqKE4</all_sports_replays>
    </dir>

    <dir>
    <title>[ Combat Sports Replays ]</title>
    <all_sports_replays>leagues/COMBAT_SPORTS/app2clmvReSTvxNTy</all_sports_replays>
    </dir>

    <dir>
    <title>[ Golf Replays ]</title>
    <all_sports_replays>leagues/GOLF_REPLAY/app3HVqPpxzqVUaGg</all_sports_replays>
    </dir>

    <dir>
    <title>[ NHL Replays ]</title>
    <all_sports_replays>leagues/NHL_REPLAY/app5BBPSzTk4D8ij0</all_sports_replays>
    </dir>

    <dir>
    <title>[ Motor Sports Replays ]</title>
    <all_sports_replays>leagues/MOTOR_SPORTS/appxkpEmICFgullUz</all_sports_replays>
    </dir>                    

<item>
<title>===[COLOR gold]Sexy Sports[/COLOR]===</title>
</item>

<dir>
<title>[ Diamond's Sexy Sports ]</title>
<link>plugin://plugin.video.youtube/playlist/PLoGeCeQU-L91BlTKsh6sGPGLmsOEKXwGC/</link>
<thumbnail>https://i.ytimg.com/vi/tChF9V1Bnms/hqdefault.jpg</thumbnail>
<fanart>http://wallpapercave.com/wp/56eWBdS.jpg</fanart>
<content></content>
</dir>

<dir>
<title>[ Miss Fitness Competition ]</title>
<link>plugin://plugin.video.youtube/kodion/search/query/?q=miss+fitness+competition&amp;search_type=video",return)</link>
<fanart>https://cdn.wallpapersafari.com/87/80/0MoAt3.jpg</fanart>
</dir>


<dir>
<title>[ Female Mud Wrestling ]</title>
<link>plugin://plugin.video.youtube/kodion/search/query/?q=MudWrestling%20Female&amp;search_type=video",return)</link>
<thumbnail>https://i.ytimg.com/vi/M5XfbvzSRAI/hqdefault.jpg</thumbnail>
<fanart>http://wallpapercave.com/wp/56eWBdS.jpg</fanart>
</dir>

<dir>
<title>[ SPORTSGIRLS ]</title>
<link>plugin://plugin.video.youtube/playlist/UUK-wZzCTrbCCLi_U83vvPEQ/</link>
<thumbnail>https://i.ytimg.com/vi/lDFWfWEglTE/hqdefault.jpg</thumbnail>
<fanart>http://wallpapercave.com/wp/56eWBdS.jpg</fanart>
<content></content>
</dir>

<item>
<title>===[COLOR gold]24/7 Streams[/COLOR]===</title>
</item>

<dir>
<title>***24/7 - Filmon Channels***</title>
<Airtable>247</Airtable>
</dir>

<dir>
<title>***24/7 - Movies***</title>
<arconaitv2>movies</arconaitv2>
</dir>

<dir>
<title>***24/7 - TV Shows***</title>
<arconaitv2>shows</arconaitv2>
</dir>

<dir>
<title>***24/7 - Channels***</title>
<arconaitv2>cable</arconaitv2>
</dir>

<dir>
<title>***24/7 Movies***</title>
<link>plugin://plugin.video.live.streamspro/?url=http://7of9.m3u.xyz/iptv/db/greased-lightning-iptv-movies1.php&mode=1</link>
<info>Fluxus IPTV Channels List</info>
</dir>

<item>
<title>===[COLOR gold]IPTV / M3U[/COLOR]===</title>
</item>

<dir>
<title>***Air Tables World TV***</title>
<Airtable>tv_channels</Airtable>
</dir>

<dir>
<title>***Swift Streamz - All***</title>
<thumbnail></thumbnail>
<link>plugin://script.module.7of9-swiftstreamz</link>
</dir>

<dir>
<title>***World TV - All***</title>
<thumbnail></thumbnail>
<link>plugin://script.module.7of9-worldtv</link>
</dir>

<dir>
<title>***TV-TAP - All***</title>
<thumbnail></thumbnail>
<link>plugin://script.module.7of9-live/</link>
</dir>

<dir>
<title>***TV-TAP Movies***</title>
<thumbnail></thumbnail>
<link>plugin://script.module.7of9-live/list_channels/2</link>
</dir>

<dir>
<title>***TV-TAP Entertainment***</title>
<thumbnail></thumbnail>
<link>plugin://script.module.7of9-live/list_channels/1</link>
</dir>

<dir>
<title>***TV-TAP Kids***</title>
<thumbnail></thumbnail>
<link>plugin://script.module.7of9-live/list_channels/7</link>
</dir>

<dir>
<title>***TV-TAP Sport***</title>
<thumbnail></thumbnail>
<link>plugin://script.module.7of9-live/list_channels/5</link>
</dir>

<dir>
<title>***TV-TAP Documentary***</title>
<thumbnail></thumbnail>
<link>plugin://script.module.7of9-live/list_channels/6</link>
</dir>

<dir>
<title>***TV-TAP Music***</title>
<thumbnail></thumbnail>
<link>plugin://script.module.7of9-live/list_channels/3</link>
</dir>

<dir>
<title>***TV-TAP Food***</title>
<thumbnail></thumbnail>
<link>plugin://script.module.7of9-live/list_channels/8</link>
</dir>

<dir>
<title>***TV-TAP News***</title>
<thumbnail></thumbnail>
<link>plugin://script.module.7of9-live/list_channels/4</link>
</dir>

<dir>
<title>***Music Videos***</title>
<link>plugin://plugin.video.live.streamspro/?url=http://7of9.m3u.xyz/iptv/db/videomusic.m3u.php&mode=1</link>
</dir>

<dir>
<title>***QVC Shopping***</title>
<link>plugin://plugin.video.live.streamspro/?url=http://7of9.m3u.xyz/iptv/db/qvc.m3u.php&mode=1</link>
</dir>

<dir>
<title>***US Weather Nation***</title>
<link>plugin://plugin.video.live.streamspro/?url=http://7of9.m3u.xyz/iptv/db/weather.m3u.php&mode=1</link>
</dir>

<dir>
<title>***Fluxus Pluto TV***</title>
<link>plugin://plugin.video.live.streamspro/?url=http://7of9.m3u.xyz/iptv/db/fluxusplutotv.m3u.php&mode=1</link>
<info>Fluxus IPTV Channels List</info>
</dir>

<dir>
<title>***Fluxus IPTV***</title>
<link>plugin://plugin.video.live.streamspro/?url=http://7of9.m3u.xyz/iptv/db/fluxusiptv.m3u.php&mode=1</link>
<info>Fluxus IPTV Channels List</info>
</dir>

<dir>
<title>***Fluxus Faith***</title>
<link>plugin://plugin.video.live.streamspro/?url=http://7of9.m3u.xyz/iptv/db/fluxusfaith.m3u.php&mode=1</link>
<info>Fluxus IPTV Channels List</info>
</dir>

<dir>
<title>***Fluxus CCTV***</title>
<link>plugin://plugin.video.live.streamspro/?url=http://7of9.m3u.xyz/iptv/db/fluxuscctviptv.m3u.php&mode=1</link>
<info>Fluxus IPTV Channels List</info>
</dir>

<dir>
<title>***Fluxus Radio***</title>
<link>plugin://plugin.video.live.streamspro/?url=http://7of9.m3u.xyz/iptv/db/musicradio.m3u.php&mode=1</link>
<info>Fluxus IPTV Channels List</info>
</dir>

<dir>
<title>***Lodge TV (English)***</title>
<link>plugin://plugin.video.live.streamspro/?url=https://pastebin.com/raw/2D80tRy5&mode=1</link>
</dir>

<dir>
<title>***Lodge TV (Spanish)***</title>
<link>plugin://plugin.video.live.streamspro/?url=https://pastebin.com/raw/WVyV87rg&mode=1</link>
</dir>

<dir>
<title>***Lodge TV (Arabic)***</title>
<link>plugin://plugin.video.live.streamspro/?url=https://pastebin.com/raw/1BpnNp49&mode=1</link>
</dir>

<dir>
<title>***Stratus TV (USA + Canada)***</title>
<link>plugin://plugin.video.live.streamspro/?url=https://pastebin.com/raw/4cQ9mj8X&mode=1</link>
</dir>

<dir>
<title>***Stratus TV (UK + Ireland)***</title>
<link>plugin://plugin.video.live.streamspro/?url=https://pastebin.com/raw/J1p1Uknd&mode=1</link>
</dir>

<dir>
<title>***Stratus TV (Latino)***</title>
<link>plugin://plugin.video.live.streamspro/?url=https://pastebin.com/raw/GME4W6j4&mode=1</link>
</dir>

<dir>
<title>***Stratus TV (Mexico)***</title>
<link>plugin://plugin.video.live.streamspro/?url=https://pastebin.com/raw/7QW9f4sz&mode=1</link>
</dir>

<dir>
<title>***Stratus TV (Brazil + Portugal)***</title>
<link>plugin://plugin.video.live.streamspro/?url=https://pastebin.com/raw/A89MfK78&mode=1</link>
</dir>

<dir>
<title>***Stratus TV (India + Pakistan)***</title>
<link>plugin://plugin.video.live.streamspro/?url=https://pastebin.com/raw/xaqMHNqm&mode=1</link>
</dir>

<dir>
<title>***Stratus TV (Arab World )***</title>
<link>plugin://plugin.video.live.streamspro/?url=https://pastebin.com/raw/t1HrSBbf&mode=1</link>
</dir>

<item>
<title>[COLOR gold]==================[/COLOR]</title>
</item>

<dir>
<name>Search Youtube</name>
<link>plugin://plugin.video.youtube/</link>
</dir>

<plugin>
<name>Tools, Settings, Clear Cache</name>
<link>plugin://plugin.video.betaquadrant/?action=openSettings</link>
<fanart></fanart>
</plugin>

<plugin>
<name>Testings</name>
<link>plugin://plugin.video.betaquadrant/?action=developer</link>
<thumbnail></thumbnail>
<summary>Testings</summary>
</plugin>

<item>
<title>[COLOR gold]==================[/COLOR]</title>
</item>
<dir>
<title>AUTHORIZE REAL DEBRID [B](RESOLVE-URL)[/B]</title>
<link>plugin://script.module.resolveurl/?mode=auth_rd</link>
</dir>

<dir>
<title>AUTHORIZE REAL DEBRID [B](URL-RESOLVER)[/B]</title>
<link>plugin://script.module.urlresolver/?mode=auth_rd</link>
</dir>

<dir>
<title>PAIR ONLINE HERE</title>
<pairwith>pairlist</pairwith>
</dir>

<item>
<title>[COLOR gold]==================[/COLOR]</title>
</item>