<item>
<title>[COLOR gold]==================[/COLOR]</title>
</item>

<item>
<title>===[COLOR gold]Sports News and Documentaries[/COLOR]==</title>
</item>

<dir>
<title>***Sports Portal***</title>
<link>plugin://plugin.video.alphaquadrant/</link>
</dir>

<item>
<title>===[COLOR gold]24/7 Streams[/COLOR]===</title>
</item>

<dir>
<title>***24/7 - Filmon Channels***</title>
<Airtable>247</Airtable>
</dir>

<dir>
<title>***24/7 - Movies***</title>
<arconaitv2>movies</arconaitv2>
</dir>

<dir>
<title>***24/7 - TV Shows***</title>
<arconaitv2>shows</arconaitv2>
</dir>

<dir>
<title>***24/7 - Channels***</title>
<arconaitv2>cable</arconaitv2>
</dir>

<dir>
<title>***24/7 Movies Mixed ***</title>
<m3u>http://7of9.m3u.xyz/jen/7of9-cached/iptv/greased-lightning-iptv-movies1.php</m3u>
<info>Fluxus IPTV Channels List</info>
</dir>

<item>    
<title>===[COLOR gold]IPTV / M3U[/COLOR]===</title>
</item>

<dir>
<title>***Big World Iptv List (Long Wait To Load)***</title>
<m3u>https://iptv-org.github.io/iptv/index.country.m3u</m3u>
</dir>

<item>    
<title>[COLORaqua]*Like Something In Big List Above, Please*[/COLOR]</title>
</item>

<item>    
<title>[COLORaqua]*Add To Favorites For Easy Future Access*[/COLOR]</title>
</item>

<dir>
<title>***Big USA List***</title>
<m3u>http://7of9.m3u.xyz/jen/7of9-cached/iptv/big-usa.m3u</m3u>
</dir>

<dir>
<title>***Big Canada List***</title>
<m3u>http://7of9.m3u.xyz/jen/7of9-cached/iptv/big-ca.m3u</m3u>
</dir>

<dir>
<title>***Big UK List***</title>
<m3u>http://7of9.m3u.xyz/jen/7of9-cached/iptv/big-uk.m3u</m3u>
</dir>

<dir>
<title>***Big Categories List***</title>
<link>file://genresiptv.xml</link>
</dir>

<dir>
<title>***Air Tables World TV***</title>
<Airtable>tv_channels</Airtable>
</dir>

<dir>
<title>***Swift Streamz - All***</title>
<thumbnail></thumbnail>
<link>plugin://script.module.7of9-swiftstreamz</link>
</dir>

<dir>
<title>***World TV - All***</title>
<thumbnail></thumbnail>
<link>plugin://script.module.7of9-worldtv</link>
</dir>

<dir>
<title>***TV-TAP - All***</title>
<thumbnail></thumbnail>
<link>plugin://script.module.7of9-live/</link>
</dir>

<dir>
<title>***TV-TAP Movies***</title>
<thumbnail></thumbnail>
<link>plugin://script.module.7of9-live/list_channels/2</link>
</dir>

<dir>
<title>***TV-TAP Entertainment***</title>
<thumbnail></thumbnail>
<link>plugin://script.module.7of9-live/list_channels/1</link>
</dir>

<dir>
<title>***TV-TAP Kids***</title>
<thumbnail></thumbnail>
<link>plugin://script.module.7of9-live/list_channels/7</link>
</dir>

<dir>
<title>***TV-TAP Sport***</title>
<thumbnail></thumbnail>
<link>plugin://script.module.7of9-live/list_channels/5</link>
</dir>

<dir>
<title>***TV-TAP Documentary***</title>
<thumbnail></thumbnail>
<link>plugin://script.module.7of9-live/list_channels/6</link>
</dir>

<dir>
<title>***TV-TAP Music***</title>
<thumbnail></thumbnail>
<link>plugin://script.module.7of9-live/list_channels/3</link>
</dir>

<dir>
<title>***TV-TAP Food***</title>
<thumbnail></thumbnail>
<link>plugin://script.module.7of9-live/list_channels/8</link>
</dir>

<dir>
<title>***TV-TAP News***</title>
<thumbnail></thumbnail>
<link>plugin://script.module.7of9-live/list_channels/4</link>
</dir>

<dir>
<title>***Music Videos***</title>
<m3u>http://7of9.m3u.xyz/jen/7of9-cached/iptv/videomusic.m3u.php</m3u>
</dir>

<dir>
<title>***QVC Shopping***</title>
<m3u>http://7of9.m3u.xyz/jen/7of9-cached/iptv/qvc.m3u.php</m3u>
</dir>

<dir>
<title>***US Weather Nation***</title>
<m3u>http://7of9.m3u.xyz/jen/7of9-cached/iptv/weather.m3u.php</m3u>
</dir>

<dir>
<title>***Fluxus Pluto TV***</title>
<m3u>http://7of9.m3u.xyz/jen/7of9-cached/iptv/pluto.tv.php</m3u>
<info>Fluxus IPTV Channels List</info>
</dir>

<dir>
<title>***Fluxus IPTV***</title>
<m3u>http://7of9.m3u.xyz/jen/7of9-cached/iptv/Fluxus-IPTV.php</m3u>
<info>Fluxus IPTV Channels List</info>
</dir>

<dir>
<title>***Fluxus Faith***</title>
<m3u>http://7of9.m3u.xyz/jen/7of9-cached/iptv/Fluxus-Faith.php</m3u>
<info>Fluxus IPTV Channels List</info>
</dir>

<dir>
<title>***Fluxus CCTV***</title>
<m3u>http://7of9.m3u.xyz/jen/7of9-cached/iptv/Fluxus-CCTV.php</m3u>
<info>Fluxus IPTV Channels List</info>
</dir>

<dir>
<title>***Fluxus Radio***</title>
<m3u>http://7of9.m3u.xyz/jen/7of9-cached/iptv/Fluxus-Radio.php</m3u>
<info>Fluxus IPTV Channels List</info>
</dir>

<dir>
<title>***Lodge TV (English)***</title>
<m3u>http://7of9.m3u.xyz/jen/7of9-cached/iptv/Fluxus-LodgeTV.php</m3u>
</dir>

<dir>
<title>***Stratus TV (USA + Canada)***</title>
<m3u>http://7of9.m3u.xyz/jen/7of9-cached/iptv/Fluxus-stratus-tv-usa-canada.php</m3u>
</dir>

<item>
<title>===[COLOR gold]News: Local - World - Politics[/COLOR]===</title>
</item>

<item>
<title>ABC 7 SWFL - Live Stream</title>
<link>https://www.youtube.com/watch?v=IukZ7gOGPj8</link>
</item>

<item>
<title>NBC2 - Live Stream</title>
<link>https://www.youtube.com/watch?v=tPeUHECNLKs</link>
</item>

<dir>
<title>US Local - News On</title>
<link>http://7of9.m3u.xyz/jen/7of9-cached/newson.php</link>
</dir>

<dir>
<title>Local News - USA - IPTV</title>
<m3u>http://7of9.m3u.xyz/jen/7of9-cached/iptv/local.m3u.php</m3u>
</dir>

<dir>
<title>US Weather Nation</title>
<m3u>http://7of9.m3u.xyz/jen/7of9-cached/iptv/weather.m3u.php</m3u>
</dir>

<dir>
<title>World News</title>
<thumbnail></thumbnail>
<link>plugin://script.module.7of9-live/list_channels/4</link>
</dir>

<dir>
<title>USA Today</title>
<link>http://7of9.m3u.xyz/jen/7of9-cached/usa.today/usa.today.php</link>
</dir>

<dir>
<title>Inside Edition</title>
<link>plugin://plugin.video.youtube/playlist/UU9k-yiEpRHMNVOnOi_aQK8w/</link>
</dir>

<dir>
<title>PBS NewsHour - Watch Live</title>
<link>plugin://plugin.video.youtube/playlist/PLgawtcOBBjr9_d8zvTrH6FbG2cdxuCuDo/</link>
</dir>

<dir>
<title>World News (Top Stories)</title>
<link>plugin://plugin.video.youtube/playlist/PLr1-FC1l_JLFcq9r9Y3uFLkH8G37WmMRQ/</link>
</dir>

<dir>
<title>National News (Top Stories)</title>
<link>plugin://plugin.video.youtube/playlist/PLNjtpXOAJhQLmUEyuWw4hW_6gX8JMJUof/</link>
</dir>

<dir>
<title>ABC (World News)</title>
<link>plugin://plugin.video.youtube/playlist/PL5E6638EB9ECF2329/</link>
</dir>

<dir>
<title>NBC News (Top stories)</title>
<link>plugin://plugin.video.youtube/playlist/PL0tDb4jw6kPxZ7ZJtMk6gqiQIU-nMeaVS/</link>
</dir>

<dir>
<title>Fox News (Latest Politics)</title>
<link>plugin://plugin.video.youtube/playlist/PLlTLHnxSVuIyeEZPBIQF_krewJkY2JSwi/</link>
</dir>

<item>
<title>[COLOR gold]==================[/COLOR]</title>
</item>

<dir>
<name>Search Youtube</name>
<link>plugin://plugin.video.youtube/</link>
</dir>

<plugin>
<name>Tools, Settings, Clear Cache</name>
<link>plugin://plugin.video.betaquadrant/?action=openSettings</link>
<fanart></fanart>
</plugin>

<plugin>
<name>Testings</name>
<link>plugin://plugin.video.betaquadrant/?action=developer</link>
<thumbnail></thumbnail>
<summary>Testings</summary>
</plugin>

<item>
<title>[COLOR gold]==================[/COLOR]</title>
</item>
<dir>
<title>AUTHORIZE REAL DEBRID [B](RESOLVE-URL)[/B]</title>
<link>plugin://script.module.resolveurl/?mode=auth_rd</link>
</dir>

<dir>
<title>AUTHORIZE REAL DEBRID [B](URL-RESOLVER)[/B]</title>
<link>plugin://script.module.urlresolver/?mode=auth_rd</link>
</dir>

<dir>
<title>PAIR ONLINE HERE</title>
<pairwith>pairlist</pairwith>
</dir>

<item>
<title>[COLOR gold]==================[/COLOR]</title>
</item>

<item>    
<title>[COLORaqua]*To Be Fixed[/COLOR]</title>
</item>

<dir>
<title>***Lodge TV (Spanish)***Fixed In a Few Days</title>
<m3u>https://pastebin.com/raw/WVyV87rg</m3u>
</dir>

<dir>
<title>***Lodge TV (Arabic)***Fixed In a Few Days</title>
<m3u>https://pastebin.com/raw/1BpnNp49</m3u>
</dir>

<dir>
<title>***Stratus TV (UK + Ireland)***Fixed In a Few Days</title>
<m3u>https://pastebin.com/raw/J1p1Uknd</m3u>
</dir>

<dir>
<title>***Stratus TV (Latino)***Fixed In a Few Days</title>
<m3u>https://pastebin.com/raw/GME4W6j4</m3u>
</dir>

<dir>
<title>***Stratus TV (Mexico)***Fixed In a Few Days</title>
<m3u>https://pastebin.com/raw/7QW9f4sz</m3u>
</dir>

<dir>
<title>***Stratus TV (Brazil + Portugal)***Fixed In a Few Days</title>
<m3u>https://pastebin.com/raw/A89MfK78</m3u>
</dir>

<dir>
<title>***Stratus TV (India + Pakistan)***Fixed In a Few Days</title>
<m3u>https://pastebin.com/raw/xaqMHNqm</m3u>
</dir>

<dir>
<title>***Stratus TV (Arab World )***Fixed In a Few Days</title>
<m3u>https://pastebin.com/raw/t1HrSBbf</m3u>
</dir>