<?xml version="1.0" encoding="UTF-8"?>
<window>
    <coordinates>
        <left>635</left>
        <top>160</top>
    </coordinates>
    <controls>
        <control type="group">
            <control type="image">
                <description>Background Image</description>
                <posx>0</posx>
                <posy>0</posy>
                <width>650</width>
                <height>765</height>
                <texture border="2">Background/loguploader-dialog-bg.png</texture>
            </control>
            <control type="image">
                <description>Dialog Header image</description>
                <posx>0</posx>
                <posy>0</posy>
                <width>650</width>
                <height>50</height>
                <texture colordiffuse="FF333333" border="2">Background/loguploader-white.png</texture>
            </control>
            <control type="label" id="101">
                <description>header label</description>
                <posx>0</posx>
                <posy>0</posy>
                <width>650</width>
                <height>50</height>
                <font>font14</font>
                <label></label>
                <align>center</align>
                <aligny>center</aligny>
                <shadowcolor>FF000000</shadowcolor>
            </control>
            <control type="textbox" id="102">
                <left>20</left>
                <top>60</top>
                <width>610</width>
                <height>80</height>
                <font>font12</font>
                <align>left</align>
                <aligny>top</aligny>
                <label>Since this is your First Run of the TV Guide Installer Wizard, No Settings To Enable, Move Alone.</label>
            </control>
        </control>
        <control type="grouplist" id="9000">
            <left>20</left>
            <top>140</top>
            <width>610</width>
            <height>520</height>
            <itemgap>-3</itemgap>
            <align>top</align>
            <orientation>vertical</orientation>
            <onup>201</onup>
            <ondown>201</ondown>
            <onleft>201</onleft>
            <onright>201</onright>
        </control>
        <control type="group" id="9001">
            <control type="button" id="201">
                <left>350</left>
                <top>675</top>
                <width>300</width>
                <height>90</height>
                <font>font13</font>
                <textcolor>FFF0F0F0</textcolor>
                <label>Continue</label>
                <align>center</align>
                <aligny>center</aligny>
                <onup>9000</onup>
                <ondown>9000</ondown>
                <texturefocus border="40" colordiffuse="FF12B2E7">Button/loguploader-dialogbutton-fo.png</texturefocus>
                <texturenofocus border="40">Button/loguploader-dialogbutton-nofo.png</texturenofocus>
            </control>
        </control>
    </controls>
</window>
