<xml>

<dir>
<title>Top 100 Trending Tv Shows (Trakt)</title>
<trakt>https://api.trakt.tv/shows/trending/?limit=100&page=1</trakt>
</dir>

<dir>
<title>Top 100 Popular Tv Shows (Trakt)</title>
<trakt>https://api.trakt.tv/shows/popular/?limit=100&page=1</trakt>
</dir>

  <dir>
    <title>Airing Today</title>
    <tmdb>tv/today</tmdb>
    <summary>Episodes Airing Today</summary>
  </dir>

  <dir>
    <title>Top Rated</title>
    <tmdb>tv/top_rated</tmdb>
    <summary>Top Rated TMDB Shows</summary>
  </dir>
  
  <dir>
    <title>Genres</title>
    <link>file://shared lists/genre_tv.xml</link>
    <summary>Search Shows by Genre</summary>
  </dir>

  <dir>
    <title>On The Air</title>
    <tmdb>tv/on_the_air</tmdb>
    <summary>Shows Airing in Next 7 Days</summary>
  </dir>

  <dir>
    <title>Networks</title>
    <link>file://shared lists/networks.xml</link>
    <summary>Search Shows by Network</summary>
  </dir>
</xml>