<xml>

<item>
<title>[COLORdarkorange]Yes Add-On Optimized for Movies, But Use[/COLOR]</title>
</item>

<item>
<title>[COLORdarkorange]Common sense not all movies are going to play.[/COLOR]</title>
</item>


<item>
<title>==[COLORdarkorange] ==================== [/COLOR]==</title>
</item>

<dir>
<title>[COLOR white]Search Movies IMDB[/COLOR]</title>
<imdburl>searchmovies</imdburl>
</dir>

<dir>
<title>[COLOR white]One Click - Movie Playlist[/COLOR] [COLORyellow]Will Update Soon[/COLOR]</title>
<link>http://7of9.m3u.xyz/jen/7of9-cached/movies/pop-1ck.php</link>
</dir>

<dir>
<title>[COLOR white]Trending Movies[/COLOR] [COLORyellow]A Few movies too new to give good results[/COLOR]</title>
<imdburl>chart/moviemeter</imdburl>
</dir>

<dir><title>[COLOR white]Movie Years 2020 to 2000[/COLOR] [COLORyellow]Best Results Here[/COLOR]</title><link>file://puckapk-2000-2020.xml</link></dir>
<dir><title>[COLOR white]Movie Year 2020[/COLOR] [COLORyellow]Movies Are Still Too New[/COLOR]</title><imdburl>https://www.imdb.com/search/title?title_type=feature&release_date=2020-01-01,2020-03-12&groups=now-playing-us&languages=en&sort=alpha,asc&count=50</imdburl></dir>

<dir>
<title>[COLOR white]Movies Genres[/COLOR]</title>
<link>file://movies.genre.xml</link>
</dir>

<dir>
<title>[COLOR white]Movies By Cities[/COLOR]</title>
<link>file://movies.cities.xml</link>
</dir>

<dir>
<title>[COLOR white]Oscar-Awarded[/COLOR]</title>
<imdburl>https://www.imdb.com/search/title?title_type=feature&groups=best_picture_winner&languages=en&sort=year,desc&count=100</imdburl>
</dir>

<dir>
<title>[COLOR white]Oscar-Nominated[/COLOR]</title>
<imdburl>https://www.imdb.com/search/title?title_type=feature&groups=oscar_nominee&languages=en&sort=year,desc&count=250</imdburl>
</dir>

<dir>
<title>[COLOR white]Upcoming Movies[/COLOR]</title>
<tmdb>movie/upcoming</tmdb>
<summary>Shows Trailers For Upcoming Movies</summary>
</dir>

	<item>
	<title>**********************************</title>
	</item>	

</xml>