<xml>

<item>
<title>[COLORdarkorange]Puck APK's Optimized for an APK Like Experience[/COLOR]</title>
</item>

<item>
<title>[COLORdarkorange]Automatically Clicks through Links be patient[/COLOR]</title>
</item>

<item>
<title>==[COLORdarkorange] ==================== [/COLOR]==</title>
</item>

<dir>
<title>Movies</title>
<link>file://movies.xml</link>
<summary>Movies</summary>
</dir>

<dir>
<title>TV Shows</title>
<link>file://tvshows.xml</link>
<summary>TV Shows</summary>
</dir>

<dir>
<title>Search Movies IMDB</title>
<imdburl>searchmovies</imdburl>
</dir>

<dir>
  <title>Search TV IMDB</title>  
  <imdburl>searchseries</imdburl>
</dir>

<dir>
<title>Trakt</title>
<link>file://trakt.xml</link>
<summary>Trakt</summary>
</dir>

<item>
<title>==[COLORdarkorange] ==================== [/COLOR]==</title>
</item>

<item>
<title>Authorize ResolveURL Debrid Services</title>
<authwith>authlist</authwith>
</item>

<item>
<title>Clear Resolver Function Cache</title>
<funccache>funclist</funccache>
</item>

<dir>
<title>Manage Real-Debrid - Requires Diamond Repo</title>
<link>plugin://plugin.video.getrealdebrid/</link>
</dir>

<item>
<title>==[COLORdarkorange] ==================== [/COLOR]==</title>
</item>

<item>
<title>Settings, Tools, Clear Cache</title>
<mysettings>0/0</mysettings>
</item>

<item>
<title>==[COLORdarkorange] ==================== [/COLOR]==</title>
</item>

  <plugin>
    <name>User Testings</name>
    <link>plugin://plugin.video.puckapks/?action=developer</link>
    <thumbnail></thumbnail>
    <summary>Testings</summary>
  </plugin>

<item>
<title>==[COLORdarkorange] ==================== [/COLOR]==</title>
</item>

</xml>