<xml>

<item>
<title>[COLORdarkorange]Puck APK's Optimized for an APK Like Experience[/COLOR]</title>
</item>

<item>
<title>[COLORdarkorange]Automatically Clicks through Links be patient[/COLOR]</title>
</item>

<dir>
  <title>Search TV IMDB</title>  
  <imdburl>searchseries</imdburl>
</dir>

<dir>
<title>Trending Tv Shows</title>
<trakt>https://api.trakt.tv/shows/trending/?limit=50&page=1</trakt>
</dir>
  
    <dir>
    <title>On The Air</title>
    <tmdb>tv/on_the_air</tmdb>
    <summary>Shows Airing in Next 7 Days</summary>
  </dir>
  
	 <dir>
	<title>Calender</title>
	<tvmaze>calendar</tvmaze>
	</dir> 

  <dir>
    <title>Genres</title>
    <link>file://shared lists/genre_tv.xml</link>
    <summary>Search Shows by Genre</summary>
  </dir>
	
	<item>
	<title>**********************************</title>
	</item>	
  
</xml>