
<item>
<title>====================================</title>
</item>

<dir>
<title>[COLOR lime]**Fix Youtube Daily Limit Exceeded**[/COLOR]</title>
<link>plugin://plugin.video.thebigfix4yt/</link>
</dir>

<dir>
<title>AUTHORIZE Debrid RESOLVER / PAIR ONLINE</title>
<link>plugin://plugin.video.getrealdebrid/</link>
</dir>

<item>
<title>====================================</title>
</item>

<item>
<title>===[COLOR gold]Sports News and Documentaries[/COLOR]==</title>
</item>

<dir>
<title>[ CBS Sports ]</title>
<link>plugin://plugin.video.youtube/playlist/UUja8sZ2T4ylIqjggA1Zuukg/</link>
<thumbnail>https://i.ytimg.com/vi/Mj9CEAW82wE/hqdefault.jpg</thumbnail>
</dir>

<dir>
<title>[ ESPN - Sports News ]</title>
<link>http://7of9.m3u.xyz/jen/7of9-cached/sports/espn.php</link>
</dir>

<dir>
<title>[ Sports Documentaries ]</title>
<link>http://7of9.m3u.xyz/jen/7of9-cached/sports/sports.docs.php</link>
</dir>

<item>
<title>===[COLOR gold]Sports Channels[/COLOR]==</title>
</item>

<dir>
<title>[ Sports Channels By Country ]</title>
<Airtable>sports_channels</Airtable>
</dir>

<dir>
<title>[ Sports Channels (Sports Devil) ]</title>
<link>http://7of9.m3u.xyz/jen/7of9-cached/sports/sportsdevil.php</link>
</dir>

<dir>
<title>[ Sports Channels (IPTV) ]</title>
<m3u>https://iptv-org.github.io/iptv/categories/sport.m3u</m3u>
</dir>

<dir>
<title>[ Sport Channels (World TV) ]</title>
<link>plugin://script.module.7of9-worldtv/list_channels/5</link>
</dir>

<dir>
<title>[ Sport Channels (TV-TAP) ]</title>
<link>plugin://script.module.7of9-live/list_channels/5</link>
</dir>

<dir>
<title>[ Sport Channels (Swift Streamz 1) ]</title>
<thumbnail></thumbnail>
<link>plugin://script.module.7of9-swiftstreamz/list_channels/8</link>
</dir>

<dir>
<title>[ Sport Channels (Swift Streamz 2) ]</title>
<thumbnail></thumbnail>
<link>plugin://script.module.7of9-swiftstreamz2/list_channels/8</link>
</dir>

<item>
<title>===[COLOR gold]Sports Replays[/COLOR]==</title>
</item>

<dir>
<title>[ Combat Sports Replays - Real-Debrid ]</title>
<all_sports_replays>leagues/COMBAT_SPORTS/app2clmvReSTvxNTy</all_sports_replays>
</dir>

<dir>
<title>[ All Sports Replays - Most Not Working ]</title>
<all_sports_replays>all</all_sports_replays>
</dir>

<item>
<title>===[COLOR gold]Sports Movies[/COLOR]===</title>
</item>


<dir>
<title>[ Football Movies ]</title>
<tmdb>keyword/movies/579</tmdb>
</dir>

<dir>
<title>[ Baseball Movies ]</title>
<tmdb>keyword/movies/6496</tmdb>
</dir>

<dir>
<title>[ Basketball Movies ]</title>
<tmdb>keyword/movies/1480</tmdb>
</dir>

<dir>
<title>[ Racing Movies]</title>
<tmdb>keyword/movies/10039</tmdb>
</dir>

<dir>
<title>[ Snow Skiing Movies]</title>
<tmdb>keyword/movies/159558</tmdb>
</dir>

<dir>
<title>[ Ice Hockey Movies]</title>
<tmdb>keyword/movies/6483</tmdb>
</dir>

<item>
<title>===[COLOR gold]Sexy Sports[/COLOR]===</title>
</item>

<dir>
<title>[ Diamond's Sexy Sports ]</title>
<link>plugin://plugin.video.youtube/playlist/PLoGeCeQU-L91BlTKsh6sGPGLmsOEKXwGC/</link>
<thumbnail>https://i.ytimg.com/vi/tChF9V1Bnms/hqdefault.jpg</thumbnail>
<fanart>http://wallpapercave.com/wp/56eWBdS.jpg</fanart>
<content></content>
</dir>

<dir>
<title>[ Legends Football League (LFL) ]</title>
<link>plugin://plugin.video.youtube/kodion/search/query/?q=lfl+LegendsFootballLeague&amp;search_type=video",return)</link>
<fanart>https://cdn.wallpapersafari.com/87/80/0MoAt3.jpg</fanart>
</dir>

<dir>
<title>[ Miss Fitness Competition ]</title>
<link>plugin://plugin.video.youtube/kodion/search/query/?q=miss+fitness+competition&amp;search_type=video",return)</link>
<fanart>https://cdn.wallpapersafari.com/87/80/0MoAt3.jpg</fanart>
</dir>

<dir>
<title>[ Sexy Fitness ]</title>
<link>http://7of9.m3u.xyz/jen/7of9-cached/youtubecinema/sexy.fitness/home.php</link>
</dir>

<dir>
<title>[ Female Mud Wrestling ]</title>
<link>plugin://plugin.video.youtube/kodion/search/query/?q=MudWrestling%20Female&amp;search_type=video",return)</link>
<thumbnail>https://i.ytimg.com/vi/M5XfbvzSRAI/hqdefault.jpg</thumbnail>
<fanart>http://wallpapercave.com/wp/56eWBdS.jpg</fanart>
</dir>

<dir>
<title>[ SPORTSGIRLS ]</title>
<link>plugin://plugin.video.youtube/playlist/UUK-wZzCTrbCCLi_U83vvPEQ/</link>
<thumbnail>https://i.ytimg.com/vi/lDFWfWEglTE/hqdefault.jpg</thumbnail>
<fanart>http://wallpapercave.com/wp/56eWBdS.jpg</fanart>
<content></content>
</dir>

<item>
<title>[COLOR gold]==================[/COLOR]</title>
</item>

<dir>
<name>Search Youtube</name>
<link>plugin://plugin.video.youtube/</link>
</dir>

<plugin>
<name>Tools, Settings, Clear Cache</name>
<link>plugin://plugin.video.alphaquadrant/?action=openSettings</link>
<fanart></fanart>
</plugin>

<plugin>
<name>Testings</name>
<link>plugin://plugin.video.alphaquadrant/?action=developer</link>
<thumbnail></thumbnail>
<summary>Testings</summary>
</plugin>

<item>
<title>[COLOR gold]==================[/COLOR]</title>
</item>

<dir>
<title>PAIR ONLINE HERE</title>
<pairwith>pairlist</pairwith>
</dir>

<item>
<title>[COLOR gold]==================[/COLOR]</title>
</item>