<?xml version="1.0" encoding="UTF-8" standalone="yes"?>
<addon id="plugin.video.TBUMC" name="The Best Ultimate Music Collection" version="1.2.92" provider-name="Team Diamond">
  <requires>
    <import addon="xbmc.python" version="2.1.0"/>
    <import addon="plugin.video.youtube"/>
  </requires>
  <extension point="xbmc.python.pluginsource" library="addon.py">
    <provides>video</provides>
  </extension>
  <extension point="xbmc.addon.metadata">
    <language>en</language>
    <summary lang="en">The Best Ultimate Music Collection</summary>
    <description lang="en">The Best Ultimate Music Collection</description>
    <disclaimer lang="en">[COLOR blue]The author does not host any content, nor is he affiliated with any of the content providers.[/COLOR]
    </disclaimer>
    <platform>all</platform>
  </extension>
</addon>
