<?xml version="1.0" encoding="UTF-8" standalone="yes"?>
<addon id="plugin.video.mtb.vr8fg8b" version="99.2.6.7" name="[B][COLOR aqua]The USS Defiant[/COLOR][/B]" provider-name="Defiant">
   <requires>
        <import addon="xbmc.python" version="2.19.0" />
        <import addon="script.module.mtb.vr8fg8b" />
        <import addon="script.mtb.vr8fg8b.artwork" />
        <import addon="script.mtb.vr8fg8b.metadata" />
        <import addon="script.module.resolveurl" />
        <import addon="script.module.requests" />
        <import addon="script.module.metahandler" />
		<import addon="script.module.openscrapers" version="0.0.1.82" />
    </requires>
    <extension point="xbmc.python.pluginsource" library="defiant.py">
        <provides>video</provides>
    </extension>
    <extension point="xbmc.service" library="service.py" start="startup" />
    <extension point="xbmc.addon.metadata">
		<summary lang="en">The USS Defiant.</summary>
		<disclaimer lang="en">The authors of this addon do not host any of the content which is found and have no affiliation with any of the content providers. This addon simply searches websites for content. Use at your own risk!</disclaimer>
		<description lang="en">The USS Defiant.</description>
    <platform>all</platform>
    <license>GNU GENERAL PUBLIC LICENSE. Version 3, 29 June 2007</license>
    <assets>
        <icon>icon.gif</icon>
        <fanart>fanart.jpg</fanart>
    </assets>
    <news></news>
    </extension>
</addon>