<?xml version='1.0' encoding='utf-8'?>
<addon id="script.module.7of9-tubi" name="TUBITV" provider-name="mhancoc7" version="0.1.8d">
    <requires>
        <import addon="xbmc.python" version="2.1.0" />
        <import addon="script.module.m7lib" version="0.1.0" />
    </requires>
  <extension point="xbmc.python.pluginsource" library="default.py">
        <provides>video</provides>
    </extension>
    <extension point="xbmc.addon.metadata">
        <summary>Tubi</summary>
        <description>TUBITV For kodi!</description>
        <platform>all</platform>
    </extension>
</addon>