

<dir>
<title>City of Los Angeles</title>
<tmdb>keyword/movies/12670</tmdb>
</dir>

<dir>
<title>City of New York</title>
<tmdb>keyword/movies/242</tmdb>
</dir>

<dir>
<title>City of Chicago</title>
<tmdb>keyword/movies/520</tmdb>
</dir>

<dir>
<title>City of San Francisco</title>
<tmdb>keyword/movies/582</tmdb>
</dir>

<dir>
<title>City of Boston</title>
<tmdb>keyword/movies/1680</tmdb>
</dir>

<dir>
<title>City of Paris</title>
<tmdb>keyword/movies/90</tmdb>
</dir>

<dir>
<title>City of Rome</title>
<tmdb>keyword/movies/588</tmdb>
</dir>

<dir>
<title>City of London</title>
<tmdb>keyword/movies/212</tmdb>
</dir>

<dir>
<title>City of Tokyo</title>
<tmdb>keyword/movies/251939</tmdb>
</dir>

<dir>
<title>City of Stockholm</title>
<tmdb>keyword/movies/8085</tmdb>
</dir>

