<xml>

  <dir>
      <title>My lists</title>
      <trakt>https://api.trakt.tv/users/me/lists/</trakt>
      <summary>Your Trakt Lists</summary>
  </dir>

  <dir>
      <title>My Liked Lists</title>
      <trakt>https://api.trakt.tv/users/likes/lists</trakt>
      <summary>Your Liked Lists</summary>
  </dir>
  
      <dir>
      <title>My Watchlist</title>
      <trakt>https://api.trakt.tv/users/me/watchlist/</trakt>
      <summary>Your Watch List</summary>
    </dir>

    <dir>
      <title>My Movie Collection</title>
      <trakt>https://api.trakt.tv/users/me/collection/movies</trakt>
      <summary>Your Movie Collection</summary>
    </dir>
	
	<dir>
      <title>My TV Show Collection</title>
      <trakt>https://api.trakt.tv/users/me/collection/shows</trakt>
      <summary>Your TV Show Collection</summary>
    </dir>
</xml>