<xml>

<item>
<title>==[COLORdarkorange] ==================== [/COLOR]==</title>
</item>

<dir>
<title>My Downloads (Media -YOU- Added To RD)</title>
<link>plugin://plugin.video.realdebird/downloads/</link>
</dir>

<dir>
<title>My Torrents (Media -YOU- Added To RD)</title>
<link>plugin://plugin.video.realdebird/torrents/</link>
</dir>

<dir>
<title>GET REAL DEBRID / Sign-Up</title>
<link>plugin://script.diamond.getrealdebrid/</link>
</dir>

<dir>
<title>View RD Account Status</title>
<link>plugin://plugin.video.realdebird/account/</link>
</dir>

<item>
<title>==[COLORdarkorange] ==================== [/COLOR]==</title>
</item>

<item>
<title>Authorize Debrid Services</title>
<authwith>authlist</authwith>
</item>

<item>
<title>Clear Resolver Function Cache</title>
<funccache>funclist</funccache>
</item>

<dir>
<title>RESET AUTHORIZE REAL DEBRID (RESOLVE-URL)</title>
<link>plugin://script.module.resolveurl/?mode=reset_rd</link>
</dir>

<dir>
<title>RESET AUTHORIZE REAL DEBRID (URL-RESOLVER)</title>
<link>plugin://script.module.urlresolver/?mode=reset_rd</link>
</dir>

<item>
<title>==[COLORdarkorange] ==================== [/COLOR]==</title>
</item>

<dir>
<title>Movies</title>
<link>file://movies.xml</link>
<summary>Movies</summary>
</dir>

<dir>
<title>TV Shows</title>
<link>file://tvshows.xml</link>
<summary>TV Shows</summary>
</dir>

<dir>
<title>Search</title>
<link>file://search.xml</link>
<summary>Search</summary>
</dir>

<dir>
<title>Trakt</title>
<link>file://trakt.xml</link>
<summary>Trakt</summary>
</dir>

<dir>
<title>PAIR ONLINE HERE (Not Really Needed)</title>
<pairwith>pairlist</pairwith>
</dir>

<item>
<title>==[COLORdarkorange] ==================== [/COLOR]==</title>
</item>

<item>
<title>Settings</title>
<mysettings>0/0</mysettings>
</item>

<item>
<title>==[COLORdarkorange] ==================== [/COLOR]==</title>
</item>

</xml>








