<xml>

<item>
<title>[COLORdarkorange]Puck APK's Is a Scraper Add-on, No Direct Link[/COLOR]</title>
</item>


<item>
<title>[COLORdarkorange]Add-On Is Optimized for an APK Like Experience[/COLOR]</title>
</item>

<item>
<title>[COLORdarkorange]Automatically Clicks through Links be Patient.[/COLOR]</title>
</item>

<dir>
<title>Search Movies IMDB</title>
<imdburl>searchmovies</imdburl>
</dir>

<item>
<title></title>
</item>

<item>
<title>[COLORdarkorange]Best Results Will Be From Movie Years[/COLOR]</title>
</item>

<item>
<title>[COLORdarkorange]Top 50 Movies Each Year 2014 to 2020[/COLOR]</title>
</item>

<dir><title>[COLOR white]Movie Year 2020 (Only A Few - Year is Young)[/COLOR]</title><imdburl>https://www.imdb.com/search/title?title_type=feature&release_date=2020-01-01,2020-02-21&groups=now-playing-us&languages=en&sort=alpha,asc&count=50</imdburl></dir>
<dir><title>[COLOR white]Movie Year 2019[/COLOR]</title><imdburl>years/2019</imdburl></dir>
<dir><title>[COLOR white]Movie Year 2018[/COLOR]</title><imdburl>years/2018</imdburl></dir>
<dir><title>[COLOR white]Movie Year 2017[/COLOR]</title><imdburl>years/2017</imdburl></dir>
<dir><title>[COLOR white]Movie Year 2016[/COLOR]</title><imdburl>years/2016</imdburl></dir>
<dir><title>[COLOR white]Movie Year 2015[/COLOR]</title><imdburl>years/2015</imdburl></dir>
<dir><title>[COLOR white]Movie Year 2014[/COLOR]</title><imdburl>years/2014</imdburl></dir>

<dir>
<title>Movies Genres</title>
<link>file://movies.genre.xml</link>
</dir>

<dir>
<title>Movies By Cities</title>
<link>file://movies.cities.xml</link>
</dir>

<item>
<title>[COLORdarkorange]Older movies will be harder to find streams[/COLOR]</title>
</item>


<dir>
<title>Oscar-Awarded</title>
<imdburl>https://www.imdb.com/search/title?title_type=feature&groups=best_picture_winner&languages=en&sort=year,desc&count=100</imdburl>
</dir>

<dir>
<title>Oscar-Nominated</title>
<imdburl>https://www.imdb.com/search/title?title_type=feature&groups=oscar_nominee&languages=en&sort=year,desc&count=250</imdburl>
</dir>

<dir>
<title>National Film Board Preserved 1918 to 1954</title>
<imdburl>https://www.imdb.com/search/title?title_type=feature&release_date=1918-01-01,1954-12-31&user_rating=1.0,10.0&groups=national_film_preservation_board_winner&languages=en&adult=include&sort=year,desc&count=250</imdburl>
</dir>

<dir>
<title>National Film Board Preserved 1955 to 2019</title>
<imdburl>https://www.imdb.com/search/title?title_type=feature&release_date=1955-01-01,2019-12-31&user_rating=1.0,10.0&groups=national_film_preservation_board_winner&languages=en&adult=include&sort=year,desc&count=250</imdburl>
</dir>

<item>
<title>**********************************</title>
</item>

</xml>