<?xml version="1.0" encoding="UTF-8" standalone="yes"?>
<addon id="repository.Diamond-Testings-Repo" name="[COLOR crimson]D[COLOR silver]iamond Testings Repo[/COLOR]" version="1.0.4" provider-name="Diamond Build">
<extension point="xbmc.addon.repository" name="Diamond Wizard Repo">
<dir>
<info compressed="false">http://m3u.xyz/repo-files/testings/addons.xml</info>
<checksum>http://m3u.xyz/repo-files/testings/addons.xml.md5</checksum>
<datadir zip="true">http://repo.rubyjewelwizard.com/repo/diamond/testings/zips/</datadir>
</dir>
</extension>
<extension point="xbmc.addon.metadata">
<summary lang="en">Diamond Testings Repo</summary>
<description lang="en">Testing Repo For Diamond Build, Bought to you by Diamond Build</description>
<disclaimer>The owners and submitters to this repository do not host or distribute any of the content displayed by these addons nor do they have any affiliation with the content providers.</disclaimer>
<platform>all</platform>
</extension>
</addon>
