<?xml version="1.0" encoding="UTF-8" standalone="yes"?>
<addon id="script.module.movietheaterbutter.auto" name="MTB's Greased Lightning Module" version="9999.111" provider-name="MTB">
	<requires>
		<import addon="xbmc.python" version="2.1.0" />
		<import addon="script.module.beautifulsoup4"/>
	</requires>
	<extension point="xbmc.python.module" library="lib" />
	<extension point="xbmc.addon.metadata">
		<platform>all</platform>
		<summary lang="en">Source Module for the Movie Theater Butter Addon</summary>
	</extension>
</addon>
