
<dir>
<title>[COLOR gold]7of9 - DISCLAIMER[/COLOR]</title>
<link>message(http://7of9.m3u.xyz/jen/7of9-cached/Disclaimer.php)</link>
<thumbnail></thumbnail>
<fanart></fanart>
</dir>

<item>
<title>[COLOR dodgerblue]"Of all the souls I have encountered in[/COLOR]</title>
</item>

<item>
<title>[COLOR dodgerblue]my travels, his was the most...  human."[/COLOR]</title>
</item>

<item>
<title>===[COLOR orange] 7of9 Borg Transwarp Portal [/COLOR]===</title>
</item>

<item>
<title>[COLOR dodgerblue]If 7of9 Is Part Your Build[/COLOR]</title>
</item>

<item>
<title>[COLOR dodgerblue]Links Within The Build Will Still Work.[/COLOR]</title>
</item>

<item>
<title>=======[COLOR lime]Thank You and Enjoy 7of9[/COLOR]=======</title>
</item>

<dir>
<title>[COLORwhite]7of9 (AIO)[/COLOR]</title>
<link>http://7of9.m3u.xyz/jen/7of9-cached/7of9-access.php</link>
</dir>

<dir>
<title>[COLORwhite]Youtube Theater[/COLOR]</title>
<link>plugin://plugin.video.youtube.theater/</link>
</dir>

<dir>
<title>[COLORwhite]Trepidare[/COLOR]</title>
<link>http://7of9.m3u.xyz/jen/7of9-cached/trepidare/main.php</link>
</dir>

<dir>
<title>[COLORwhite]Tits Is The Season..LOL[/COLOR]</title>
<link>http://7of9.m3u.xyz/jen/7of9-cached/titstheseason/main.php</link>
</dir>

<dir>
<title>[COLORwhite]Lover's Take[/COLOR]</title>
<link>http://7of9.m3u.xyz/jen/7of9-cached/loverstake/main.php</link>
</dir>

<dir>
<title>[COLORwhite]Tubitv - True 1-Click[/COLOR]</title>
<link>plugin://script.module.7of9-tubi/</link>
</dir>

<dir>
<title>[COLORwhite]Popcornflix[/COLOR]</title>
<link>plugin://plugin.video.popcornflix/</link>
</dir>

<dir>
<title>[COLORwhite]Crackle[/COLOR]</title>
<link>plugin://plugin.video.crackle/</link>
</dir>

<dir>
<title>[COLORwhite]Shout Factory TV[/COLOR]</title>
<link>plugin://plugin.video.shoutfactorytv/</link>
</dir>

<dir>
<title>[COLORwhite]WNBC (NBC TV Shows)[/COLOR]</title>
<link>plugin://plugin.video.wnbc/</link>
</dir>

<dir>
<title>[COLORwhite]FilmRise - YouTube[/COLOR]</title>
<link>plugin://plugin.video.filmrisetv/</link>
</dir>

<dir>
<title>[COLORwhite]Snagfilms[/COLOR]</title>
<link>plugin://plugin.video.snagfilms/</link>
</dir>

<dir>
<title>[COLORwhite]World Star Hip Hop[/COLOR]</title>
<link>plugin://plugin.video.worldstarhiphop/</link>
</dir>

<dir>
<title>[COLORwhite]Home Shopping Network (HSN)[/COLOR]</title>
<link>plugin://plugin.video.hsn/</link>
</dir>

<dir>
<title>[COLORwhite]The Best Ultimate Music Collection[/COLOR]</title>
<link>plugin://plugin.video.TBUMC/</link>
</dir>

<dir>
<title>[COLORwhite]Radio[/COLOR]</title>
<link>plugin://plugin.audio.radio_de/</link>
</dir>

<dir>
<title>[COLORwhite]NewsON - US Local News[/COLOR]</title>
<link>plugin://plugin.video.newson/</link>
</dir>

<dir>
<title>[COLORwhite]News12 - New York[/COLOR]</title>
<link>plugin://plugin.video.news12/</link>
</dir>

<dir>
<title>[COLORwhite]CNN News[/COLOR]</title>
<link>plugin://plugin.video.cnn/</link>
</dir>

<dir>
<title>[COLORwhite]Sky News[/COLOR]</title>
<link>plugin://plugin.video.skynews/</link>
</dir>

<dir>
<title>[COLORwhite]Fox News[/COLOR]</title>
<link>plugin://plugin.video.fox.news/</link>
</dir>

<dir>
<title>[COLORwhite]EIM 4DB[/COLOR]</title>
<link>plugin://script.extendedinfo/</link>
</dir>

<dir>
<title>[COLORwhite]Pair Online Here[/COLOR]</title>
<pairwith>pairlist</pairwith>
</dir>

<dir>
<title>[COLORwhite]My Trakt Movies[/COLOR]</title>
<trakt>https://api.trakt.tv/sync/collection/movies</trakt>
</dir>

<dir>
<title>[COLORwhite]My Trakt TVShows[/COLOR]</title>
<trakt>https://api.trakt.tv/sync/collection/shows</trakt>
</dir>

<dir>
<title>[COLORwhite](Trakt) Search[/COLOR]</title>
<trakt>search</trakt>
</dir>

<dir>
<title>[COLORwhite](TMDB) Search Movies/ TV Shows/ People[/COLOR]</title>
<tmdb>search</tmdb>
</dir>

<dir>
<name>[COLORwhite]Search Youtube[/COLOR]</name>
<link>plugin://plugin.video.youtube/[/COLOR]</link>
</dir>

<dir>
<title>[COLOR white]AUTHORIZE REAL DEBRID [B](RESOLVE-URL)[/COLOR][/B]</title>
<link>plugin://script.module.resolveurl/?mode=auth_rd</link>
</dir>

<dir>
<title>[COLOR white]AUTHORIZE REAL DEBRID [B](URL-RESOLVER)[/COLOR][/B]</title>
<link>plugin://script.module.urlresolver/?mode=auth_rd</link>
</dir>

<plugin>
<name>[COLORwhite]Tools, Settings, Clear Cache[/COLOR]</name>
<link>plugin://plugin.video.7of9/?action=openSettings</link>
<fanart></fanart>
</plugin>

<plugin>
<name>Testings</name>
<link>plugin://plugin.video.7of9/?action=developer</link>
<thumbnail></thumbnail>
<summary>Testings</summary>
</plugin>

<item>
<title>====================================</title>
</item>

<item>
<title>[COLOR dodgerblue]"And Enterprise feels like a house with[/COLOR]</title>
</item>

<item>
<title>[COLOR dodgerblue]all the children gone. No, more empty[/COLOR]</title>
</item>

<item>
<title>[COLOR dodgerblue]than even that.  The death of Spock is[/COLOR]</title>
</item>

<item>
<title>[COLOR dodgerblue]like an open wound. It seems that I have[/COLOR]</title>
</item>

<item>
<title>[COLOR dodgerblue]left the noblest part  of myself back[/COLOR]</title>
</item>

<item>
<title>[COLOR dodgerblue]there ...on that newborn planet."?[/COLOR]</title>
</item>

<item>
<title>====================================</title>








