<xml>

<item>
<title>==[COLORdarkorange] ==================== [/COLOR]==</title>
</item>

<dir>
<title>Diamond PlayList - Movies</title>
<link>http://7of9.m3u.xyz/jen/7of9-cached/movies/pop-1ck-noname.php</link>
<summary>Movies</summary>
</dir>

<dir>
<title>Movies</title>
<link>file://movies.xml</link>
<summary>Movies</summary>
</dir>

<dir>
<title>TV Shows</title>
<link>file://tvshows.xml</link>
<summary>TV Shows</summary>
</dir>

<dir>
<title>Trakt</title>
<link>file://trakt.xml</link>
<summary>Trakt</summary>
</dir>

<dir>
<title>Search</title>
<link>file://search.xml</link>
<summary>Search</summary>
</dir>

<dir>
<title>[COLORlime]My Downloads[/COLOR] (Media -YOU- Added To RD)</title>
<link>plugin://plugin.video.realdebird/downloads/</link>
</dir>

<dir>
<title>[COLORlime]My Torrents[/COLOR] (Media -YOU- Added To RD)</title>
<link>plugin://plugin.video.realdebird/torrents/</link>
</dir>

<item>
<title>==[COLORdarkorange] ==================== [/COLOR]==</title>
</item>

<dir>
<title>[COLORlime]GET REAL DEBRID - Sign-Up[/COLOR]</title>
<link>plugin://script.diamond.getrealdebrid/</link>
</dir>

<dir>
<title>[COLORlime]View RD Account Status[/COLOR]</title>
<link>plugin://plugin.video.realdebird/account/</link>
</dir>

<item>
<title>[COLORlime]Authorize Debrid Services[/COLOR]</title>
<authwith>authlist</authwith>
</item>

<item>
<title>[COLORlime]Clear Resolver Function Cache[/COLOR]</title>
<funccache>funclist</funccache>
</item>

<dir>
<title>RESET AUTHORIZE REAL DEBRID (RESOLVE-URL)</title>
<link>plugin://script.module.resolveurl/?mode=reset_rd</link>
</dir>

<dir>
<title>RESET AUTHORIZE REAL DEBRID (URL-RESOLVER)</title>
<link>plugin://script.module.urlresolver/?mode=reset_rd</link>
</dir>

<dir>
<title>RESET AUTHORIZE AllDebrid (RESOLVE-URL)</title>
<link>plugin://script.module.resolveurl/?mode=reset_ad</link>
</dir>

<dir>
<title>RESET AUTHORIZE AllDebrid (URL-RESOLVER)</title>
<link>plugin://script.module.urlresolver/?mode=reset_ad</link>
</dir>

<dir>
<title>RESET AUTHORIZE Premiumize.me (RESOLVE-URL)</title>
<link>plugin://script.module.resolveurl/?mode=reset_pm</link>
</dir>

<dir>
<title>RESET AUTHORIZE Premiumize.me (URL-RESOLVER)</title>
<link>plugin://script.module.urlresolver/?mode=reset_pm</link>
</dir>


<item>
<title>==[COLORdarkorange] ==================== [/COLOR]==</title>
</item>

<dir>
<title>PAIR ONLINE HERE (If You Need It)</title>
<pairwith>pairlist</pairwith>
</dir>

<item>
<title>==[COLORdarkorange] ==================== [/COLOR]==</title>
</item>

<item>
<title>Settings, Tools, Clear Cache</title>
<mysettings>0/0</mysettings>
</item>

<item>
<title>==[COLORdarkorange] ==================== [/COLOR]==</title>
</item>

  <plugin>
    <name>User Testings</name>
    <link>plugin://plugin.video.playrdsllink/?action=developer</link>
    <thumbnail></thumbnail>
    <summary>Testings</summary>
  </plugin>

<item>
<title>==[COLORdarkorange] ==================== [/COLOR]==</title>
</item>

</xml>